Wuhan		CN	12	652
Wuxi		CN	04	236
Warsaw		PL	78	113
Wenzhou		CN	02	57
Wrocław	Wroclaw	PL	72	42
Winnipeg		CA	03	42
Washington, D.C.		US	DC	40
Warangal		IN	40	37
Warri		NG	36	35
Wuhu		CN	01	33
Wuwei		CN	15	32
Wenshan City		CN	29	30
Welkom		ZA	03	28
Wandsbek		DE	04	27
West Jerusalem		IL	06	26
Weifang		CN	25	26
Wichita		US	KS	25
Wellington		NZ	G2	25
Wuppertal		DE	07	24
Wakayama		JP	43	23
West Raleigh		US	NC	22
Wad Medani		SD	38	22
Wŏnsan	Wonsan	KP	09	21
Wusong		CN	01	20
Wollongong		AU	02	19
Windsor		CA	08	18
Wiesbaden		DE	05	18
Windhoek		NA	21	17
Wuzhou		CN	16	17
Witbank		ZA	07	17
Wolverhampton		GB	ENG	16
Wafangdian		CN	19	16
Wŏnju	Wonju	KR	06	16
Winston-Salem		US	NC	15
Wuxue		CN	12	14
Wuhai		CN	20	14
Waitakere		NZ	E7	13
Wanxian		CN	33	12
Wādī as Sīr	Wadi as Sir	JO	16	12
Worcester		US	MA	12
Weinan		CN	26	11
Walsall		GB	ENG	11
Westonaria		ZA	06	10
Weihai		CN	25	10
Wola		PL	78	9
Weru		ID	30	9
West Bromwich		GB	ENG	9
Warren		US	MI	8
Würzburg	Wuerzburg	DE	02	8
Wuda		CN	20	8
West Valley City		US	UT	8
Worcester		ZA	11	8
Wałbrzych	Walbrzych	PL	72	8
Wau		SS	09	8
Watford		GB	ENG	8
Willemstad		CW		8
Waco		US	TX	8
Wolfsburg		DE	06	8
Włocławek	Wloclawek	PL	73	8
Wardha		IN	16	7
Waterbury		US	CT	7
Wilmington		US	NC	7
Westminster		US	CO	7
West Covina		US	CA	7
Wichita Falls		US	TX	6
Wuchuan		CN	30	6
Woking		GB	ENG	6
West Jordan		US	UT	6
Wazīrābād	Wazirabad	PK	04	6
Witten		DE	07	6
Worcester		GB	ENG	6
West Palm Beach		US	FL	6
Worthing		GB	ENG	6
Waterloo		CA	08	6
Wabu		KR	13	6
Wuchang		CN	08	6
Wilmersdorf	Wilmersdorf Bezirk	DE	16	6
West Albany		US	NY	6
Wonosobo		ID	07	6
Wukari		NG	43	6
Winterthur		CH	ZH	6
Warmbaths		ZA	09	6
Weichanglu		CN	25	6
Westminster		US	CA	5
Waukegan		US	IL	5
Wangqing		CN	05	5
Whittier		US	CA	5
Wilhelmshaven		DE	06	5
Westland		US	MI	5
Wanju		KR	03	5
Weston-super-Mare		GB	ENG	5
Warwick		US	RI	5
Watampone		ID	38	5
Warrington		GB	ENG	5
Worms		DE	08	5
Wigan		GB	ENG	5
Willowdale		CA	08	5
Wuyang		CN	01	5
Wakefield		GB	ENG	5
Wedding	Wedding Bezirk	DE	16	5
Wa		GH	11	5
Wako		JP	34	5
Waterford		US	MI	5
Wyoming		US	MI	4
West Gulfport		US	MS	4
Wilmington		US	DE	4
Waukesha		US	WI	4
Woodland Hills		US	CA	4
Wangkui		CN	08	4
Wum		CM	07	4
Wāshīm	Washim	IN	16	4
Waterloo		US	IA	4
Waldorf		US	MD	4
Wenling		CN	02	4
Wacheng		CN	09	4
Warner Robins		US	GA	4
White Rock		CA	02	4
Wuxi		CN	11	4
West Lynchburg		US	VA	4
Weston		US	FL	4
Wanning		CN	31	4
Weimar		DE	15	4
West Bloomfield Township		US	MI	4
Waterlooville		GB	ENG	4
Walnut Creek		US	CA	4
West Hartford		US	CT	4
Wawer		PL	78	4
West Coon Rapids		US	MN	4
Woodbury		US	MN	4
Wesel		DE	07	4
Waltham		US	MA	4
West Allis		US	WI	4
Wucheng		CN	01	4
Wenshang		CN	25	3
Wallasey		GB	ENG	3
Weleri		ID	07	3
Wels		AT	04	3
Wayne		US	NJ	3
Wani		IN	16	3
Wenxing		CN	11	3
White Plains		US	NY	3
Weining		CN	18	3
West Des Moines		US	IA	3
Wellington		US	FL	3
Widnes		GB	ENG	3
West Haven		US	CT	3
Woodland		US	CA	3
Wedi		ID	07	3
Wanparti		IN	40	3
Wolfenbüttel	Wolfenbuettel	DE	06	3
Weymouth		US	MA	3
Wokha		IN	20	3
Washington		GB	ENG	3
Waiblingen		DE	01	3
Wheaton		US	IL	3
Wetzlar		DE	05	3
Walvis Bay		NA	29	3
Willich		DE	07	3
Winterhude		DE	04	3
Watsonville		US	CA	3
Whangarei		NZ	F6	3
Welland		CA	08	3
Weymouth		GB	ENG	3
Wellingborough		GB	ENG	3
West New York		US	NJ	3
Wodzisław Śląski	Wodzislaw Slaski	PL	83	3
Wolmaransstad		ZA	10	3
Wilson		US	NC	3
Waingapu		ID	18	3
West Sacramento		US	CA	3
Weert		NL	05	3
Woerden		NL	09	3
West Bridgford		GB	ENG	3
Wheaton		US	MD	3
West Orange		US	NJ	3
Waterford		IE	M	3
Warud		IN	16	3
Wānkāner	Wankaner	IN	09	3
Weißensee	Weissensee	DE	16	3
Wagga Wagga		AU	02	3
Wejherowo		PL	82	3
Wauwatosa		US	WI	3
Wajir		KE	54	3
Waalwijk		NL	06	3
Wismar		DE	12	3
Welwyn Garden City		GB	ENG	2
West Seneca		US	NY	2
West End		CA	02	2
Winneba		GH	04	2
Wesley Chapel		US	FL	2
Wrexham		GB	WLS	2
Weinheim		DE	01	2
West Babylon		US	NY	2
Warin Chamrap		TH	75	2
Wattrelos		FR	32	2
Wallsend		GB	ENG	2
Wakema		MM	03	2
West Vancouver		CA	02	2
Wesselsbron		ZA	03	2
Weiden		DE	02	2
Welling		GB	ENG	2
Wunstorf		DE	06	2
Warren		US	OH	2
Wakkanai		JP	12	2
Warora		IN	16	2
Wilkes-Barre		US	PA	2
Wylie		US	TX	2
West Hills		US	CA	2
Welisara		LK	36	2
Woonsocket		US	RI	2
Wokingham		GB	ENG	2
Westfield		US	MA	2
Worksop		GB	ENG	2
Wanganui		NZ	F3	2
Winchester		GB	ENG	2
Wiradesa		ID	07	2
Wichian Buri		TH	14	2
Wausau		US	WI	2
Warendorf		DE	07	2
Wichit		TH	62	2
Whitney		US	NV	2
Westend		DE	16	2
Wiener Neustadt		AT	03	2
Wonopringgo		ID	07	2
Waliso		ET	51	2
Waipahu		US	HI	2
Woburn		US	MA	2
Whitley Bay		GB	ENG	2
Woodlawn		US	MD	2
Werribee		AU	07	2
Wheeling		US	IL	2
Wilhelmstadt		DE	16	2
Würselen	Wuerselen	DE	07	2
Wermelskirchen		DE	07	2
Wilmslow		GB	ENG	2
Wołomin	Wolomin	PL	78	2
Watari		JP	24	2
Włochy	Wlochy	PL	78	2
Westerville		US	OH	2
West Torrington		US	CT	2
Willowbrook		US	CA	2
Walkden		GB	ENG	2
Waregem		BE	VLG	2
Weslaco		US	TX	2
Wesseling		DE	07	2
Wangon		ID	07	2
Wildwood		US	MO	2
Wageningen		NL	03	2
Wāris Alīganj	Waris Aliganj	IN	34	2
West Little River		US	FL	2
Winter Garden		US	FL	2
Wernigerode		DE	14	2
West Hollywood		US	CA	2
Warrnambool		AU	07	2
West Lake Sammamish		US	WA	2
Woodstock		CA	08	2
Winter Haven		US	FL	2
Wigston Magna		GB	ENG	2
Wednesfield		GB	ENG	2
Winter Springs		US	FL	2
Wickford		GB	ENG	2
Woodridge		US	IL	2
Wai		IN	16	2
Westlake		US	OH	2
Wijchen		NL	03	2
Winsen		DE	06	2
Wildomar		US	CA	2
Werl		DE	07	2
Wavre		BE	WAL	2
Wedel		DE	10	2
Wenatchee		US	WA	2
Watertown		US	MA	2
Westmont		US	CA	2
Walla Walla		US	WA	2
Willingboro		US	NJ	2
Wodonga		AU	07	2
Wenchi		GH	03	2
West Bend		US	WI	2
Wevelgem		BE	VLG	2
Wayne		US	PA	2
Winsford		GB	ENG	2
Werne		DE	07	2
Wattala		LK	36	2
Wādi	Wadi	IN	19	2
Westfield		US	NJ	2
Walajapet		IN	25	2
Waltrop		DE	07	2
Whitstable		GB	ENG	2
Wheat Ridge		US	CO	2
West Warwick		US	RI	2
Wake Forest		US	NC	2
Westfield		US	IN	2
Westchester		US	FL	1
Weißenfels	Weissenfels	DE	14	1
Waterloo		BE	WAL	1
Waegwan		KR	14	1
Winterswijk		NL	03	1
Wegberg		DE	07	1
Waxahachie		US	TX	1
West Lafayette		US	IN	1
Weil am Rhein		DE	01	1
Williamsport		US	PA	1
Wongsorejo		ID	08	1
Walnut		US	CA	1
Wetter (Ruhr)		DE	07	1
Wentzville		US	MO	1
Wittenau		DE	16	1
West Kelowna		CA	02	1
Windsor		US	CT	1
West Elkridge		US	MD	1
Września	Wrzesnia	PL	86	1
Warstein		DE	07	1
Wheeling		US	WV	1
West Islip		US	NY	1
Windsor		GB	ENG	1
Wellesley		US	MA	1
Winchester		US	NV	1
West Springfield		US	MA	1
Winter Park		US	FL	1
Winnenden		DE	01	1
West Scarborough		US	ME	1
Wishaw		GB	SCT	1
Winona		US	MN	1
Waddān	Waddan	LY	64	1
Willenhall		GB	ENG	1
Wonosari		ID	10	1
Wamba		NG	56	1
Wilmette		US	IL	1
West Chicago		US	IL	1
Wangen im Allgäu	Wangen im Allgau	DE	01	1
Watertown		US	NY	1
West Milford		US	NJ	1
Werota		ET	46	1
Windsor		US	CA	1
Wethersfield		US	CT	1
Wyszków	Wyszkow	PL	78	1
Wete		TZ	13	1
Westport		US	CT	1
Werkendam		NL	06	1
Wiehl		DE	07	1
West Memphis		US	AR	1
Wanaraja		ID	30	1
Winchester		US	VA	1
Weinstadt-Endersbach		DE	01	1
Welahan		ID	07	1
Wooster		US	OH	1
Wałcz	Walcz	PL	87	1
Wyandotte		US	MI	1
West Fargo		US	ND	1
Walnut Grove		CA	02	1
Wiesloch		DE	01	1
Wolfsberg		AT	02	1
Wasco		US	CA	1
West Whittier-Los Nietos		US	CA	1
Wolvega		NL	02	1
Wassenaar		NL	11	1
Waddinxveen		NL	11	1
Wolfen		DE	14	1
Weatherford		US	TX	1
West Linn		US	OR	1
Wakefield		US	MA	1
Whitehall Township		US	PA	1
Wertheim		DE	01	1
Whitehaven		GB	ENG	1
Woodstock		US	IL	1
Westmont		US	IL	1
Waldkraiburg		DE	02	1
Watsa		CD	09	1
Walsrode		DE	06	1
Wągrowiec	Wagrowiec	PL	86	1
Werdau		DE	13	1
Wobulenzi		UG	C	1
Wieluń	Wielun	PL	74	1
Wednesbury		GB	ENG	1
Warburg		DE	07	1
Warburton		PK	04	1
Weiterstadt		DE	05	1
Wallenhorst		DE	06	1
Witney		GB	ENG	1
Weinzierl bei Krems		AT	03	1
Woodburn		US	OR	1
Warwick		GB	ENG	1
Waverly		US	MI	1
Woodstock		US	GA	1
Watertown		US	WI	1
Weingarten		DE	01	1
Wārāseonī	Waraseoni	IN	35	1
White Bear Lake		US	MN	1
Wipperfürth	Wipperfuerth	DE	07	1
Wijk bij Duurstede		NL	09	1
Whitefield		GB	ENG	1
Walker		US	MI	1
Watauga		US	TX	1
Whitehorse		CA	12	1
Wierden		NL	15	1
Wright		US	FL	1
Windham		US	CT	1
Wudil		NG	29	1
Webster Groves		US	MO	1
Witham		GB	ENG	1
Westhoughton		GB	ENG	1
Wetteren		BE	VLG	1
Walton-on-Thames		GB	ENG	1
Wellington		GB	ENG	1
Willebroek		BE	VLG	1
Woodford Green		GB	ENG	1
West Odessa		US	TX	1
West Puente Valley		US	CA	1
Westerlo		BE	VLG	1
Wasco		US	IL	1
Webuye		KE	12	1
West Springfield		US	VA	1
Waldshut-Tiengen		DE	01	1
Werder		DE	11	1
Wülfrath	Wuelfrath	DE	07	1
Wilmington		US	MA	1
Willoughby		US	OH	1
Weligama		LK	34	1
Weißwasser	Weisswasser	DE	13	1
Warnes		BO	08	1
Wanlaweyn		SO	14	1
Wekiwa Springs		US	FL	1
West and East Lealman		US	FL	1
Westerstede		DE	06	1
Wāling	Waling	NP	WR	1
Westchase		US	FL	1
West Carson		US	CA	1
Westford		US	MA	1
Wadsworth		US	OH	1
Wilnsdorf		DE	07	1
Watertown		US	SD	1
Waren		DE	12	1
Weilheim		DE	02	1
Winchester		US	MA	1
Wittmund		DE	06	1
West Pensacola		US	FL	1
Woensdrecht		NL	06	1
West Lake Stevens		US	WA	1
Waynesboro		US	VA	1
Woodlawn		US	VA	1
Woodridge		AU	04	1
Winter Gardens		US	CA	1
Wade Hampton		US	SC	1
Workington		GB	ENG	1
Wakiso		UG	C	1
Westmount		CA	10	1
Werdohl		DE	07	1
West Mifflin		US	PA	1
Wellington		IN	25	1
Wisbech		GB	ENG	1
Waghäusel	Waghausel	DE	01	1
Wittenberge		DE	11	1
Waldkirch		DE	01	1
Wachtberg		DE	07	1
Wesoła	Wesola	PL	78	1
Wenden		DE	07	1
Wandlitz		DE	11	1
Waterloo		SL	04	1
Weirton		US	WV	1
Whyalla		AU	05	1
Willmar		US	MN	1
West Saint Paul		US	MN	1
Waldbröl	Waldbroel	DE	07	1
Wilsonville		US	OR	1
Wisch		NL	03	1
Weybridge		GB	ENG	1
Weirton Heights		US	WV	1
Wazīrganj	Wazirganj	IN	36	1
Weil der Stadt		DE	01	1
Wasquehal		FR	32	1
Woodbridge		US	NJ	1
Wadowice		PL	77	1
White Oak		US	OH	1
Wiset Chaichan		TH	35	1
Wantagh		US	NY	1
West Hempstead		US	NY	1
Warrensburg		US	MO	1
Washington		US	UT	1
Wārāh	Warah	PK	05	1
Wieliczka		PL	77	1
Windsor		US	CO	1
Whakatane		NZ	E8	1
Westminster		US	MD	1
West Molesey		GB	ENG	1
Winschoten		NL	04	1
Wadgassen		DE	09	1
West Chester		US	PA	1
Winchester		US	KY	1
Wisconsin Rapids		US	WI	1
West Melbourne		US	FL	1
Wakuya		JP	24	1
Wer		IN	24	1
Wewak		PG	11	1
Wallingford Center		US	CT	1
Wettingen		CH	AG	1
Wuustwezel		BE	VLG	1
Wildeshausen		DE	06	1
Waltham Abbey		GB	ENG	1
Wilton		US	CT	1
Whitehall		US	OH	1
Warrenton		ZA	08	1
Westerly		US	RI	1
Wittlich		DE	08	1
Warminster		GB	ENG	1
Wao		PH	14	1
Wahiawā	Wahiawa	US	HI	1
Weesp		NL	07	1
Weißenburg in Bayern	Weissenburg in Bayern	DE	02	1
Willimantic		US	CT	1
Wallingford		US	CT	1
Wakimachi		JP	39	1
Winthrop		US	MA	1
Wayne		US	MI	1
Ware		GB	ENG	1
Walcourt		BE	WAL	1
Westbrook		US	ME	1
Wantirna South		AU	07	1
White Oak		US	MD	1
Wamba		CD	09	1
Wittstock		DE	11	1
Wervik		BE	VLG	1
Wyndham Vale		AU	07	1
Wadern		DE	09	1
Wörth am Rhein	Woerth am Rhein	DE	08	1
Willetton		AU	08	1
Wolfratshausen		DE	02	1
Wath upon Dearne		GB	ENG	1
Wyckoff		US	NJ	1
Woodmere		US	NY	1
Wenjī	Wenji	ET	51	1
Wangaratta		AU	07	1
Wil		CH	SG	1
Westchester		US	IL	1
Wobkent		UZ	02	1
Waalre		NL	06	1
Wassenberg		DE	07	1
Wolcott		US	CT	1
Whickham		GB	ENG	1
Weilerswist		DE	07	1
Wang Nam Yen		TH	80	1
Wendelstein		DE	02	1
Wolf Trap		US	VA	1
White Settlement		US	TX	1
Witzenhausen		DE	05	1
Wardenburg		DE	06	1
Westervoort		NL	03	1
West Pennant		AU	02	1
Walnut Park		US	CA	1
White River		ZA	07	1
Wilkinsburg		US	PA	1
Wang Noi		TH	36	1
Wang Saphung		TH	18	1
Wittenheim		FR	44	1
Wendlingen am Neckar		DE	01	1
Willow Grove		US	PA	1
Wenceslau Braz		BR	18	1
Waterville		US	ME	1
Weener		DE	06	1
Williamstown		US	NJ	1
Wombwell		GB	ENG	1
Wailuku		US	HI	1
Warren Township		US	NJ	1
Wurzen		DE	13	1
Westbury		US	NY	1
Wilmington Island		US	GA	1
Washington		US	IL	1