Shanghai		CN	23	1487
Shenzhen		CN	30	690
Seoul		KR	11	689
São Paulo	Sao Paulo	BR	27	668
Shenyang		CN	19	417
Suzhou		CN	04	356
Shantou		CN	30	355
Saint Petersburg		RU	66	335
Santiago		CL	12	322
Sydney		AU	02	308
Singapore		SG	01	236
Shiyan		CN	12	230
Sūrat	Surat	IN	09	192
Shijiazhuang		CN	10	188
Salvador		BR	05	180
Surabaya		ID	08	158
Santo Domingo		DO	34	146
Sanaa		YE	16	129
Sapporo		JP	12	125
Soweto		ZA	06	113
Santa Cruz de la Sierra		BO	08	90
San Antonio		US	TX	88
San Diego		US	CA	87
South Tangerang		ID	33	86
Semarang		ID	07	85
Stockholm		SE	26	83
Shiraz		IR	07	83
Suwon-si		KR	13	82
Santiago de los Caballeros		DO	25	80
Saitama		JP	34	79
Sofia		BG	42	76
Samara		RU	65	75
Sendai		JP	24	70
Seongnam-si		KR	13	68
Shivaji Nagar		IN	16	66
Solāpur	Solapur	IN	16	66
Srinagar		IN	12	65
Sulţānah	Sultanah	SA	05	63
San Jose		US	CA	63
São Luís	Sao Luis	BR	13	61
Sale		MA	49	60
Saratov		RU	67	57
San Francisco		US	CA	53
Sakai		JP	32	52
San Miguel de Tucumán	San Miguel de Tucuman	AR	24	52
Salem		IN	25	51
Shangyu		CN	02	51
São Bernardo do Campo	Sao Bernardo do Campo	BR	27	49
Subang Jaya		MY	12	47
Sevilla		ES	51	46
Shizuoka		JP	37	46
Santo Domingo Oeste		DO	37	46
Sarajevo		BA	01	46
San Luis Potosí	San Luis Potosi	MX	24	45
Santo André	Santo Andre	BR	27	44
Shaoguan		CN	30	41
Santiago de Querétaro	Santiago de Queretaro	MX	22	41
Saltillo		MX	07	41
São José dos Campos	Sao Jose dos Campos	BR	27	40
Seattle		US	WA	40
Sāngli	Sangli	IN	16	40
Situbondo		ID	08	40
Shuangyashan		CN	08	40
Scarborough		CA	08	40
Stuttgart		DE	01	39
Shihezi		CN	13	38
South Boston		US	MA	38
Sokoto		NG	51	37
Sorocaba		BR	27	37
Santiago de Cuba		CU	15	37
Siping		CN	05	37
Surakarta		ID	07	37
Sharjah		AE	06	36
Sargodha		PK	04	36
San Salvador		SV	10	35
Santa María Chimalhuacán	Santa Maria Chimalhuacan	MX	15	35
Shiliguri		IN	28	34
Salta		AR	17	34
Shashi		CN	12	33
Santa Fe de la Vera Cruz		AR	21	32
San Pedro Sula		HN	06	32
Suez		EG	15	32
Sahāranpur	Saharanpur	IN	36	32
Shah Alam		MY	12	32
Sialkot		PK	04	31
Skopje		MK	41	31
Staten Island		US	NY	31
Sacramento		US	CA	31
São João de Meriti	Sao Joao de Meriti	BR	21	30
Şanlıurfa	Sanliurfa	TR	63	29
San Juan		AR	18	29
Sheffield		GB	ENG	29
San Nicolás de los Garza	San Nicolas de los Garza	MX	19	29
Shyamnagar		IN	28	29
Sultangazi		TR	34	29
Santa Marta		CO	38	28
Shaoxing		CN	02	28
San Juan		PR	127	27
Sukkur		PK	05	27
Shymkent		KZ	10	27
Santos		BR	27	27
Shiyan		CN	12	27
Szczecin		PL	87	27
Surrey		CA	02	26
Serra		BR	08	26
Samsun		TR	55	26
Sandakan		MY	16	26
Samut Prakan		TH	42	25
Sector 3		RO	10	25
Sevastopol		UA	20	25
São José do Rio Preto	Sao Jose do Rio Preto	BR	27	24
Seremban		MY	05	24
Sector 6		RO	10	24
San Miguel Xico Viejo		MX	15	24
Stavropol’	Stavropol'	RU	70	24
Sheikhupura		PK	04	24
Simferopol		UA	11	23
San Jose del Monte		PH	03	23
Samarinda		ID	14	23
Santiago del Estero		AR	22	23
Suita		JP	32	23
Sanandaj		IR	16	23
Sector 2		RO	10	23
Soledad		CO	04	22
Shiqi		CN	30	22
San José	San Jose	CR	08	22
Soyapango		SV	10	21
Sochi		RU	38	21
Santa Ana		US	CA	21
São Vicente	Sao Vicente	BR	27	21
Suizhou		CN	12	21
San Miguelito		PA	08	21
Smolensk		RU	69	21
Shāhjānpur	Shahjanpur	IN	36	21
Shimoga		IN	19	21
Samarqand		UZ	10	21
St. Louis		US	MO	21
Shangrao		CN	03	21
Şişli	Sisli	TR	34	20
Soacha		CO	33	20
Sariwŏn	Sariwon	KP	07	20
Shengli		CN	25	20
San Salvador de Jujuy		AR	10	20
Saransk		RU	46	20
Surgut		RU	32	20
Santol		PH	03	19
Sumy		UA	21	19
Semey		KZ	15	19
Stockton		US	CA	19
Sétif	Setif	DZ	12	19
Safi		MA	51	19
Sinŭiju	Sinuiju	KP	11	19
Sector 4		RO	10	19
Sultanbeyli		TR	34	19
Saint Paul		US	MN	19
Suzano		BR	27	18
Santa Teresa		VE	15	18
Sfax		TN	32	18
Sukabumi		ID	30	18
Strasbourg		FR	44	18
Sector 5		RO	10	18
San Pedro		PH	40	18
Sterlitamak		RU	08	17
Sumqayıt	Sumqayit	AZ	54	17
Sivas		TR	58	17
Sincelejo		CO	27	17
Stoke-on-Trent		GB	ENG	17
Satna		IN	35	17
Sari		IR	35	17
Soledad de Graciano Sánchez	Soledad de Graciano Sanchez	MX	24	17
Santa Catarina		MX	19	16
Suihua		CN	08	16
Santiago de Surco		PE	15	16
San Fernando		PH	03	16
Sonīpat	Sonipat	IN	10	16
Santa Clara		CU	16	16
San Bernardo		CL	12	16
Santa Maria		BR	23	16
Saugor		IN	35	16
San Cristóbal	San Cristobal	VE	20	16
Southampton		GB	ENG	16
Shimonoseki		JP	45	16
Saint Petersburg		US	FL	16
Santa Luzia		BR	15	16
Sancaktepe		TR	34	16
Seeb		OM	06	15
Sasebo		JP	27	15
Sylhet		BD	86	15
Sahiwal		PK	04	15
Sōka	Soka	JP	34	15
Suncheon		KR	16	15
Syktyvkar		RU	34	15
Sungai Petani		MY	02	15
Sumaré	Sumare	BR	27	15
San Lorenzo		PY	06	15
Sosnowiec		PL	83	15
Staryy Oskol		RU	09	15
Shrīrāmpur	Shrirampur	IN	28	15
Sabzevar		IR	42	15
Sector 1		RO	10	15
Sucre		BO	01	14
Santa Cruz de Tenerife		ES	53	14
Shakhty		RU	61	14
Sant Martí	Sant Marti	ES	56	14
San Pedro de Macorís	San Pedro de Macoris	DO	24	14
Scottsdale		US	AZ	14
Santa Rosa		PH	40	14
Shagamu		NG	16	14
Sepang		MY	12	14
San Bernardino		US	CA	13
Sanming		CN	07	13
Sohag		EG	24	13
São Leopoldo	Sao Leopoldo	BR	23	13
Spokane		US	WA	13
Sirjan		IR	29	13
San Pablo		PH	40	13
Sumedang Utara		ID	00	13
Sabadell		ES	56	13
Suzhou		CN	01	13
São Carlos	Sao Carlos	BR	27	13
Secunderabad		IN	40	13
Sete Lagoas		BR	15	13
Santo Domingo de los Colorados		EC	26	13
Severnyy		RU	48	13
Shahkot		PK	04	13
São José	Sao Jose	BR	26	13
Sīkar	Sikar	IN	24	13
Saidpur		BD	83	13
Shreveport		US	LA	13
Saskatoon		CA	11	13
Sibu		MY	11	13
San-Pédro	San-Pedro	CI	76	13
Sambhal		IN	36	13
Severodvinsk		RU	06	12
Soledad Díez Gutiérrez	Soledad Diez Gutierrez	MX	24	12
Sidi Bel Abbès	Sidi Bel Abbes	DZ	30	12
Suzuka		JP	23	12
Sādiqābād	Sadiqabad	PK	04	12
Sunrise Manor		US	NV	12
Syzran’	Syzran'	RU	65	12
Santarém	Santarem	BR	16	12
San Fernando del Valle de Catamarca		AR	02	12
Santa Bárbara d'Oeste	Santa Barbara d'Oeste	BR	27	12
Sutton		GB	ENG	12
Salt Lake City		US	UT	12
Springs		ZA	06	12
Shibīn al Kawm	Shibin al Kawm	EG	09	12
Singrauli		IN	35	12
Donostia / San Sebastián	San Sebastian	ES	59	12
San Luis		AR	19	12
Sūjāngarh	Sujangarh	IN	24	12
Santander		ES	39	12
Sakura		JP	04	12
Sirsa		IN	10	12
Saarbrücken	Saarbruecken	DE	09	12
Shangqiu		CN	09	12
Surendranagar		IN	09	11
Si Racha		TH	46	11
Saki		NG	32	11
Spring Valley		US	NV	11
Sunderland		GB	ENG	11
Sittwe		MM	01	11
Sants-Montjuïc	Sants-Montjuic	ES	56	11
Santa Ana		SV	11	11
Santa Clarita		US	CA	11
Split		HR	15	11
Saint-Étienne	Saint-Etienne	FR	84	11
Saint-Louis		SN	14	11
Sāveh	Saveh	IR	34	11
Siverek		TR	63	11
San Pablo de las Salinas		MX	15	11
Shimla		IN	11	11
Salatiga		ID	07	11
Swansea		GB	WLS	11
Santa Rosa		US	CA	11
Shanwei		CN	30	11
Saga		JP	33	11
Szeged		HU	06	10
Serang		ID	33	10
Sītāpur	Sitapur	IN	36	10
Solingen		DE	07	10
Shivpuri		IN	35	10
Sousse		TN	23	10
Sidon		LB	06	10
Southend-on-Sea		GB	ENG	10
Şalālah	Salalah	OM	08	10
Sambalpur		IN	21	10
Skikda		DZ	31	10
Suleja		NG	31	10
San Miguel		SV	09	10
Sapele		NG	36	10
Sayama		JP	34	10
Sullana		PE	20	10
Salavat		RU	08	10
Skudai		MY	01	10
Springfield		US	MO	10
San Miguel del Padrón	San Miguel del Padron	CU	02	10
Sāmarrā’	Samarra'	IQ	18	10
Sobral		BR	06	10
Sunggal		ID	26	10
San Blas		ES	29	10
Shikārpur	Shikarpur	PK	05	10
Souk Ahras		DZ	52	10
Sihanoukville		KH	28	10
Seogwipo		KR	01	10
Salamanca		ES	55	10
Swindon		GB	ENG	10
Salem		US	OR	10
San Cristóbal	San Cristobal	DO	33	10
Sioux Falls		US	SD	10
Sanshui		CN	30	10
Springfield		US	MA	10
Songnim		KP	07	10
Silchar		IN	03	10
Strogino		RU	48	10
Sibiu		RO	33	10
Saqqez		IR	16	10
Soreang		ID	30	10
Serilingampalle		IN	40	10
Salinas		US	CA	10
Salzburg		AT	05	10
Shāntipur	Shantipur	IN	28	9
Sujiatun		CN	19	9
Salamanca		ES	29	9
Saint-Quentin-en-Yvelines		FR	11	9
Saharsa		IN	34	9
Syracuse		US	NY	9
Spanish Town		JM	10	9
Sikasso		ML	06	9
Sanya		CN	31	9
Saguenay		CA	10	9
Stara Zagora		BG	59	9
Sant Andreu de Palomar		ES	56	9
Sunnyvale		US	CA	9
Sarrià-Sant Gervasi	Sarria-Sant Gervasi	ES	56	9
Shanhaiguan		CN	10	9
Siem Reap		KH	24	9
San Luis Río Colorado	San Luis Rio Colorado	MX	26	9
Sidoarjo		ID	08	9
Şabāḩ as Sālim	Sabah as Salim	KW	09	9
Stockport		GB	ENG	9
Sekondi-Takoradi		GH	09	9
Sa Pá	Sa Pa	VN	90	9
Salamanca		MX	11	9
Saint-Denis		RE	RE	9
San Juan Sacatepéquez	San Juan Sacatepequez	GT	07	9
Shizuishan		CN	21	9
São Caetano do Sul	Sao Caetano do Sul	BR	27	9
Savannah		US	GA	9
Shiqiao		CN	30	9
San Mateo		PH	40	8
Śródmieście	Srodmiescie	PL	78	8
Seto		JP	01	8
Slough		GB	ENG	8
Singaraja		ID	02	8
Sandachō	Sandacho	JP	13	8
Shillong		IN	18	8
St. Catharines		CA	08	8
Shahrud		IR	25	8
Sapucaia		BR	23	8
Shuangcheng		CN	08	8
Šiauliai	Siauliai	LT	61	8
Songjiang		CN	23	8
Sinnar		SD	58	8
Syevyerodonets’k	Syevyerodonets'k	UA	14	8
Sabhā	Sabha	LY	75	8
Shangri-La		CN	29	8
Sterling Heights		US	MI	8
Sherbrooke		CA	10	8
Shahr-e Kord		IR	03	8
San Cristóbal de las Casas	San Cristobal de las Casas	MX	05	8
Sātkhira	Satkhira	BD	82	8
Sīnah	Sinah	IQ	08	8
Sakakah		SA	20	8
Serpukhov		RU	47	8
Sirte		LY	76	8
San Nicolás de los Arroyos	San Nicolas de los Arroyos	AR	01	8
Saïda	Saida	DZ	10	8
Sirājganj	Sirajganj	BD	83	8
Surat Thani		TH	60	8
Sancti Spíritus	Sancti Spiritus	CU	14	8
Sogamoso		CO	36	8
Songea		TZ	14	8
Salerno		IT	04	8
Sorong		ID	39	8
Shahecheng		CN	10	8
Suining		CN	32	8
Semnān	Semnan	IR	25	8
Sloviansk		UA	05	8
San Francisco de Macorís	San Francisco de Macoris	DO	06	8
Santa Tecla		SV	05	8
Simi Valley		US	CA	8
São José dos Pinhais	Sao Jose dos Pinhais	BR	18	8
Salvaleón de Higüey	Salvaleon de Higuey	DO	10	8
Stamford		US	CT	8
San Pedro Garza Garcia		MX	19	8
Stavanger		NO	14	8
San Juan		PH	NCR	8
Solntsevo		RU	48	8
Santa Rita		BR	17	7
Santa Coloma de Gramenet		ES	56	7
Silang		PH	40	7
Siwān	Siwan	IN	34	7
Settat		MA	50	7
San Jose		PH	41	7
Shimotoda		JP	34	7
Sepatan		ID	30	7
San Juan del Río	San Juan del Rio	MX	22	7
Sokodé	Sokode	TG	22	7
Shunyi		CN	22	7
Surprise		US	AZ	7
Setúbal	Setubal	PT	19	7
Simões Filho	Simoes Filho	BR	05	7
Santa Clara		US	CA	7
Springfield		US	IL	7
Sinop		BR	14	7
Schöneberg	Schoneberg Bezirk	DE	16	7
Sri Jayewardenepura Kotte		LK	36	7
Sóc Trăng	Soc Trang	VN	65	7
Sawangan		ID	30	7
Siirt		TR	74	7
Shchelkovo		RU	47	7
Sātāra	Satara	IN	16	7
Shaowu		CN	07	7
Satu Mare		RO	32	7
Suriāpet	Suriapet	IN	40	7
Santa Rosa		AR	11	7
Sultānpur	Sultanpur	IN	36	7
Seversk		RU	75	7
Shilong		CN	30	7
Sergiyev Posad		RU	47	7
San Rafael		AR	13	7
Sawāi Mādhopur	Sawai Madhopur	IN	24	7
Santiago		PH	02	7
Sohar		OM	11	7
Santa Cruz		PH	40	7
Shaping		CN	30	7
Sherpur		BD	81	7
Shinyanga		TZ	15	7
Siegen		DE	07	7
Sutton Coldfield		GB	ENG	7
Santa Cruz do Sul		BR	23	7
Sydney		CA	07	7
Suceava		RO	34	7
Soyībug	Soyibug	IN	12	6
St Helens		GB	ENG	6
Sagh		TD	17	6
Shāhzādpur	Shahzadpur	BD	83	6
Şabrātah	Sabratah	LY	68	6
Shchukino		RU	48	6
Singkawang		ID	11	6
Salihorsk		BY	05	6
Székesfehérvár	Szekesfehervar	HU	08	6
Seoni		IN	35	6
South Bend		US	IN	6
Solikamsk		RU	90	6
Shāhreẕā	Shahreza	IR	28	6
Sakata		JP	44	6
Subotica		RS	VO	6
Salto		UY	15	6
Shikohābād	Shikohabad	IN	36	6
Santa Maria		US	CA	6
Saint-Paul		RE	RE	6
Sehore		IN	35	6
Sertãozinho	Sertaozinho	BR	27	6
St. John's		CA	05	6
Santana de Parnaíba	Santana de Parnaiba	BR	27	6
Sarapul		RU	80	6
Spring Hill		US	FL	6
Słupsk	Slupsk	PL	82	6
Serov		RU	71	6
Salto		BR	27	6
Shāmli	Shamli	IN	36	6
Siracusa		IT	15	6
Swābi	Swabi	PK	03	6
San Mateo		US	CA	6
Sakado		JP	34	6
Schwerin		DE	12	6
Sliven		BG	56	6
San Fernando		ES	51	6
Solihull		GB	ENG	6
Saint-Denis		FR	11	6
Sungai Penuh		ID	05	6
Sāhibganj	Sahibganj	IN	38	6
Shenjiamen		CN	02	6
San Carlos de Bariloche		AR	16	6
Santiago de Compostela		ES	58	6
South Gate		US	CA	6
Stellenbosch		ZA	11	6
Sông Cầu	Song Cau	VN	61	6
Sandy Springs		US	GA	6
Sumber		ID	30	6
San Angelo		US	TX	6
Stilfontein		ZA	10	6
Southport		GB	ENG	6
Ségou	Segou	ML	05	6
Semenyih		MY	12	6
Sassari		IT	14	6
Samālūţ	Samalut	EG	10	6
Sparks		US	NV	6
Sishui		CN	25	6
Spokane Valley		US	WA	5
Santa Monica		US	CA	5
Santana do Livramento		BR	23	5
Sandy Hills		US	UT	5
Şaḩam	Saham	OM	11	5
Shahdol		IN	35	5
Sumbawanga		TZ	24	5
Sokcho		KR	06	5
Shwebo		MM	10	5
Salihli		TR	45	5
Sangrūr	Sangrur	IN	23	5
São Lourenço da Mata	Sao Lourenco da Mata	BR	30	5
Santa Barbara		US	CA	5
Shkodër	Shkoder	AL	49	5
Sarov		RU	51	5
Saint John		CA	04	5
Surigao		PH	13	5
San Juan de los Morros		VE	12	5
Sandy City		US	UT	5
Shumen		BG	54	5
Saatlı	Saatli	AZ	45	5
San Leandro		US	CA	5
Shizilu		CN	25	5
Sardārshahr	Sardarshahr	IN	24	5
Shashemenē	Shashemene	ET	51	5
San Antonio		CL	01	5
Svetlanovskiy		RU	42	5
Shostka		UA	21	5
Sarandi		BR	18	5
Sumenep		ID	08	5
Stevenage		GB	ENG	5
Suffolk		US	VA	5
St Albans		GB	ENG	5
San Vicente Chicoloapan		MX	15	5
Sunrise		US	FL	5
Stakhanov		UA	14	5
Songkhla		TH	68	5
Santana		BR	03	5
San Marcos		US	CA	5
South Shields		GB	ENG	5
San Fernando		PH	01	5
Sarnia		CA	08	5
Sanjō	Sanjo	JP	29	5
Shīrvān	Shirvan	IR	43	5
Sorsogon		PH	05	5
Sioux City		US	IA	5
Sinhyeon		KR	20	5
San Martín	San Martin	AR	13	5
Sano		JP	38	5
Shache		CN	13	5
Sant Boi de Llobregat		ES	56	5
Shangzhi		CN	08	5
Shiwan		CN	30	5
Salmās	Salmas	IR	01	5
Sokhumi		GE	02	5
Sarishābāri	Sarishabari	BD	81	5
San Tan Valley		US	AZ	5
Shanting		CN	25	5
Shibata		JP	29	5
South Suffolk		US	VA	5
Serpong		ID	30	5
San Andrés Cholula	San Andres Cholula	MX	21	5
Shahre Jadide Andisheh		IR	26	5
Stockton-on-Tees		GB	ENG	5
Sibolga		ID	26	5
Szombathely		HU	22	5
Shadrinsk		RU	40	5
Sidi Slimane		MA	52	5
Sant Cugat del Vallès	Sant Cugat del Valles	ES	56	5
Shouguang		CN	25	5
Slatina		RO	29	5
Sugar Land		US	TX	5
San Fernando de Apure		VE	03	5
Shitanjing		CN	21	5
Sagaing		MM	10	5
São João del Rei	Sao Joao del Rei	BR	15	5
San Pedro		US	CA	5
São Bento do Sul	Sao Bento do Sul	BR	26	5
Songling		CN	04	5
Shūshtar	Shushtar	IR	15	5
Shulan		CN	05	5
Saint-Laurent		CA	10	5
Suva		FJ	01	5
San Carlos		VE	08	5
Siedlce		PL	78	5
Santa Cruz de Barahona		DO	03	5
São Mateus	Sao Mateus	BR	08	5
Sasolburg		ZA	03	5
Sarkand		KZ	01	5
Saint Joseph		US	MO	5
San Felipe		VE	22	5
Saint-Pierre		RE	RE	5
São João da Boa Vista	Sao Joao da Boa Vista	BR	27	5
Sesto San Giovanni		IT	09	5
Santa Cruz do Capibaribe		BR	30	5
São Sebastião	Sao Sebastiao	BR	27	5
Sakon Nakhon		TH	20	5
Scranton		US	PA	5
Sapiranga		BR	23	5
Savé	Save	BJ	11	5
San Sebastián de los Reyes	San Sebastian de los Reyes	ES	29	5
San Martin Texmelucan de Labastida		MX	21	5
Shimada		JP	37	5
Somerville		US	MA	5
Szolnok		HU	20	5
Schiedam		NL	11	5
Shāhdādkot	Shahdadkot	PK	05	5
Saint-Maur-des-Fossés	Saint-Maur-des-Fosses	FR	11	5
Silifke		TR	32	5
Shangmei		CN	11	5
Spijkenisse		NL	11	4
Sault Ste. Marie		CA	08	4
Silopi		TR	80	4
Sidi Qacem		MA	52	4
Sungailiat		ID	35	4
Shancheng		CN	25	4
Srivilliputhur		IN	25	4
Sivakasi		IN	25	4
Schaumburg		US	IL	4
Suisan		KR	17	4
Suixi		CN	01	4
Shelby		US	MI	4
San Ramón de la Nueva Orán	San Ramon de la Nueva Oran	AR	17	4
Standerton		ZA	07	4
Santo Antônio de Jesus	Santo Antonio de Jesus	BR	05	4
San Miguel de Cozumel		MX	23	4
Salina Cruz		MX	20	4
Shāhābād	Shahabad	IN	36	4
Sewon		ID	10	4
Saint-Léonard	Saint-Leonard	CA	10	4
Sikandarābād	Sikandarabad	IN	36	4
Satsumasendai		JP	18	4
Siemianowice Śląskie	Siemianowice Slaskie	PL	83	4
Shixing		CN	30	4
San Juan de la Maguana		DO	23	4
Saint George		US	UT	4
Salford		GB	ENG	4
Scunthorpe		GB	ENG	4
Steglitz	Steglitz Bezirk	DE	16	4
Suva Reka		XK	10097361	4
Sagay		PH	06	4
San Ramon		US	CA	4
Southfield		US	MI	4
Shakhtars’k	Shakhtars'k	UA	05	4
Saint-Jean-sur-Richelieu		CA	10	4
São Cristóvão	Sao Cristovao	BR	28	4
Sragen		ID	07	4
Sirsilla		IN	40	4
Solana		PH	02	4
Silver Spring		US	MD	4
Svyetlahorsk		BY	02	4
Stargard Szczeciński	Stargard Szczecinski	PL	87	4
Sur		OM	04	4
Sankt Gallen		CH	SG	4
Shiguai		CN	20	4
Sunyani		GH	03	4
Şirvan	Sirvan	AZ	07	4
Schweizer-Reneke		ZA	10	4
Southall		GB	ENG	4
Segamat		MY	01	4
San Miguel de Allende		MX	11	4
Springdale		US	AR	4
Sidi Aïssa	Sidi Aissa	DZ	27	4
Shirpur		IN	16	4
Shrewsbury		GB	ENG	4
Syriam		MM	17	4
Sayyān	Sayyan	YE	16	4
Suwałki	Suwalki	PL	81	4
Sint-Niklaas		BE	VLG	4
Saku		JP	26	4
Sindhnūr	Sindhnur	IN	19	4
Sukagawa		JP	08	4
Sougueur		DZ	13	4
São Sebastião do Paraíso	Sao Sebastiao do Paraiso	BR	15	4
San Mateo Atenco		MX	15	4
Sosnovyy Bor		RU	42	4
Sabanalarga		CO	04	4
Shima		CN	07	4
San Isidro		PE	15	4
Saldanha		ZA	11	4
Söke	Soeke	TR	09	4
Sverdlovs’k	Sverdlovs'k	UA	14	4
Santa Catarina Pinula		GT	07	4
Santa Fe		US	NM	4
Saraburi		TH	37	4
Songjianghe		CN	05	4
Subic		PH	03	4
Smila		UA	01	4
Soio		AO	16	4
San Antonio		PH	03	4
Shorko		PK	03	4
Santa Inês	Santa Ines	BR	13	4
Sangamner		IN	16	4
San Luis		CU	15	4
Shāhdādpur	Shahdadpur	PK	05	4
Shiojiri		JP	26	4
Saint-Nazaire		FR	52	4
San Francisco del Rincón	San Francisco del Rincon	MX	11	4
Solna		SE	26	4
Sayhāt	Sayhat	SA	06	4
Sanchazi		CN	05	4
Savannakhét	Savannakhet	LA	20	4
Shabqadar		PK	03	4
Stalowa Wola		PL	80	4
Sokaraja		ID	07	4
Sabae		JP	06	4
Sosnovka		RU	66	4
Saint-Marc		HT	06	4
Schenectady		US	NY	4
Sagunto		ES	60	4
Sampit		ID	13	4
Silvan		TR	21	4
Shujāābād	Shujaabad	PK	04	4
Soma		TR	45	4
Saint Cloud		US	MN	4
Sanlúcar de Barrameda	Sanlucar de Barrameda	ES	51	4
Saint Charles		US	MO	4
San Ildefonso		PH	03	4
San Miguel		PH	03	4
Sattahip		TH	46	4
Shiki		JP	34	4
Stafford		GB	ENG	4
Slavyansk-na-Kubani		RU	38	4
Silao		MX	11	4
Sefrou		MA	46	4
Skokie		US	IL	4
Salaqi		CN	20	4
Siuri		IN	28	4
Santo Ângelo	Santo Angelo	BR	23	4
Siddipet		IN	40	4
Sidi Khaled		DZ	19	4
Shakargarh		PK	04	4
Skanes		TN	16	4
Sibi		PK	02	4
San Antonio de Los Altos		VE	15	4
Shimodate		JP	14	4
Santa Lucía	Santa Lucia	ES	53	4
South San Francisco		US	CA	4
San Clemente		US	CA	4
Samut Sakhon		TH	55	4
Sūratgarh	Suratgarh	IN	24	4
Sopur		IN	12	4
Sandnes		NO	14	4
Sheki		AZ	48	4
Sakurai		JP	28	4
Sambriāl	Sambrial	PK	04	4
Sorgun		TR	66	4
Semporna		MY	16	4
Singida		TZ	16	4
Sheopur		IN	35	4
Songyang		CN	09	4
Slutsk		BY	05	4
Shawnee		US	KS	4
Shuangyang		CN	05	4
San José de Guanipa	San Jose de Guanipa	VE	02	4
Sibsāgar	Sibsagar	IN	03	4
Santa Lucía Cotzumalguapa	Santa Lucia Cotzumalguapa	GT	06	4
Sagua la Grande		CU	16	4
Saquarema		BR	21	4
Sānghar	Sanghar	PK	05	4
Smederevo		RS	SE	4
Santa Cruz Xoxocotlán	Santa Cruz Xoxocotlan	MX	20	4
Senador Canedo		BR	29	4
Sirsi		IN	19	4
Sibay		RU	08	4
Suicheng		CN	04	4
Stryi		UA	15	4
San Salvador Tizatlalli		MX	15	4
Schwäbisch Gmünd	Schwabisch Gmund	DE	01	4
Sindelfingen		DE	01	4
Slawi		ID	07	4
Svobodnyy		RU	05	4
Sal’sk	Sal'sk	RU	61	4
Stupino		RU	47	4
Sahaswān	Sahaswan	IN	36	4
Sirhind		IN	23	4
Slavonski Brod		HR	02	4
Seraing		BE	WAL	4
Shuya		RU	21	4
Shchëkino	Shchekino	RU	76	4
Sfântu-Gheorghe	Sfantu-Gheorghe	RO	15	4
Springfield		US	OH	4
Świdnica	Swidnica	PL	72	4
Södertälje	Soedertaelje	SE	26	4
Sadek		VN	09	4
Supaul		IN	34	4
Sviblovo		RU	48	4
Santutxu		ES	59	4
South Brisbane		AU	04	4
Santa Cruz		US	CA	3
Sinfra		CI	92	3
Stanger		ZA	02	3
Saint Clair Shores		US	MI	3
São Borja	Sao Borja	BR	23	3
San Cristobal		CU	AR	3
Shiogama		JP	24	3
Sengkang		ID	38	3
Sonsonate		SV	13	3
Springfield		US	OR	3
San Felipe		CL	01	3
Sangāreddi	Sangareddi	IN	40	3
Sahagún	Sahagun	CO	12	3
Santo Tomé	Santo Tome	AR	21	3
San Francisco		AR	05	3
Stralsund		DE	12	3
Santa Rosa		BR	23	3
Sollentuna		SE	26	3
Solnechnogorsk		RU	47	3
Sig		DZ	26	3
Stolberg		DE	07	3
Shahrīār	Shahriar	IR	26	3
Saijō	Saijo	JP	05	3
Suozhen		CN	25	3
Sahuayo de Morelos		MX	16	3
Soubré	Soubre	CI	76	3
San Pedro		AR	10	3
Shāhāda	Shahada	IN	16	3
Sérres	Serres	GR	ESYE12	3
Savona		IT	08	3
San Andrés	San Andres	CO	25	3
South Vineland		US	NJ	3
Simpang Empat		MY	07	3
Sarcelles		FR	11	3
Sīra	Sira	IN	19	3
Sidi Moussa		DZ	20	3
Santa Rosa de Cabal		CO	24	3
Singosari		ID	08	3
St. Albert		CA	01	3
San Rafael		US	CA	3
Samāstipur	Samastipur	IN	34	3
Shanhetun		CN	08	3
Sōja	Soja	JP	31	3
Santo Tomas		PH	40	3
Sherkot		IN	36	3
Sopron		HU	09	3
South Whittier		US	CA	3
Suileng		CN	08	3
Sītāmarhi	Sitamarhi	IN	34	3
Sakaidechō	Sakaidecho	JP	17	3
Shahrisabz		UZ	08	3
Sangla Hill		PK	04	3
Sokol		RU	48	3
Sokol’niki	Sokol'niki	RU	48	3
Shibīn al Qanāţir	Shibin al Qanatir	EG	12	3
Segovia		ES	55	3
San Carlos del Zulia		VE	23	3
Shegaon		IN	16	3
Soroti		UG	E	3
Stourbridge		GB	ENG	3
Sleman		ID	10	3
Sankt Augustin		DE	07	3
San Francisco		CR	04	3
San Antonio		PY	06	3
San Andres Tuxtla		MX	30	3
Sale		GB	ENG	3
Shibirghān	Shibirghan	AF	31	3
Sangju		KR	14	3
Świętochłowice	Swietochlowice	PL	83	3
Snizhne		UA	05	3
São Gabriel	Sao Gabriel	BR	23	3
San Fernando		TT	10	3
Saint-Quentin		FR	32	3
Shiroi		JP	04	3
Satte		JP	34	3
South Croydon		GB	ENG	3
Šabac	Sabac	RS	SE	3
Sāmalkot	Samalkot	IN	02	3
Sherwood Park		CA	01	3
São Pedro da Aldeia	Sao Pedro da Aldeia	BR	21	3
Shilin		CN	29	3
Samannūd	Samannud	EG	05	3
Saint-Jérôme	Saint-Jerome	CA	10	3
San Severo		IT	13	3
San José de las Lajas	San Jose de las Lajas	CU	MA	3
Seropédica	Seropedica	BR	21	3
Suwa		JP	26	3
Shirbīn	Shirbin	EG	01	3
San Marcos		SV	10	3
Sendhwa		IN	35	3
San Francisco El Alto		GT	21	3
Siddhapur		IN	09	3
Spring		US	TX	3
Sangmélima	Sangmelima	CM	14	3
Sidhi		IN	35	3
San Miguel Zinacantepec		MX	15	3
Şabyā	Sabya	SA	17	3
Suzaka		JP	26	3
Schweinfurt		DE	02	3
Sartrouville		FR	11	3
Severomorsk		RU	49	3
Starachowice		PL	84	3
Selebi-Phikwe		BW	01	3
Sunām	Sunam	IN	23	3
Sattenapalle		IN	02	3
Sanford		US	FL	3
Shendi		SD	53	3
Santee		US	CA	3
Suphan Buri		TH	51	3
Shājāpur	Shajapur	IN	35	3
Sedrata		DZ	52	3
São Tomé	Sao Tome	ST	02	3
Sampang		ID	08	3
Sandīla	Sandila	IN	36	3
Silivri		TR	34	3
Sinan		KR	16	3
Sāgar	Sagar	IN	19	3
San Vicent del Raspeig		ES	60	3
Shoreline		US	WA	3
Shāhābād	Shahabad	IN	19	3
Saint-Brieuc		FR	53	3
Şırnak	Sirnak	TR	80	3
Slobozia		RO	22	3
Sherman Oaks		US	CA	3
Sumbawa Besar		ID	17	3
Sihor		IN	09	3
Saint Peters		US	MO	3
South Hill		US	WA	3
Sesvete		HR	21	3
Shahr-e Bābak	Shahr-e Babak	IR	29	3
Shūsh	Shush	IR	15	3
Songling		CN	10	3
San Bartolomé de Tirajana	San Bartolome de Tirajana	ES	53	3
Sarpsborg		NO	13	3
Sandwīp	Sandwip	BD	84	3
Sar-e Pul		AF	33	3
Sātkania	Satkania	BD	84	3
Sarasota		US	FL	3
Sa'dah		YE	15	3
Sarpol-e Z̄ahāb	Sarpol-e Zahab	IR	13	3
Saginaw		US	MI	3
Slonim		BY	03	3
Stratford		US	CT	3
Smyrna		US	GA	3
Serra Talhada		BR	30	3
Séguéla	Seguela	CI	91	3
Seydişehir	Seydisehir	TR	71	3
Sillod		IN	16	3
Staines		GB	ENG	3
Shiraoka		JP	34	3
Saint-Malo		FR	53	3
Saint Croix		VI	010	3
Skien		NO	17	3
São Roque	Sao Roque	BR	27	3
South Jordan		US	UT	3
San Mateo		VE	04	3
Schwerte		DE	07	3
Speyer		DE	08	3
Saint-Hyacinthe		CA	10	3
South Peabody		US	MA	3
Swedru		GH	04	3
Sālūr	Salur	IN	02	3
Sour el Ghozlane		DZ	21	3
Snezhinsk		RU	13	3
Semënovskoye	Semenovskoye	RU	47	3
Sayanogorsk		RU	31	3
San Luis de la Paz		MX	11	3
Sardhana		IN	36	3
Sugito		JP	34	3
Shorāpur	Shorapur	IN	19	3
Skarżysko-Kamienna	Skarzysko-Kamienna	PL	84	3
Suhum		GH	05	3
Satka		RU	13	3
Sheboygan		US	WI	3
Scafati		IT	04	3
Shawinigan		CA	10	3
Sidlaghatta		IN	19	3
Serrinha		BR	05	3
Saiki		JP	30	3
Skierniewice		PL	74	3
Sankt Pölten	Sankt Poelten	AT	03	3
Southaven		US	MS	3
Singaparna		ID	30	3
South Bel Air		US	MD	3
South Benfleet		GB	ENG	3
Saint-André	Saint-Andre	RE	RE	3
San José del Cabo	San Jose del Cabo	MX	03	3
Senhor do Bonfim		BR	05	3
Sundsvall		SE	24	3
Sombor		RS	VO	3
Sittard		NL	05	3
Solok		ID	24	3
Shibukawa		JP	10	3
Shtip		MK	98	3
Sosnovaya Polyana		RU	66	3
Saipan		MP	110	3
Starogard Gdański	Starogard Gdanski	PL	82	3
Soest		DE	07	3
Sri Dūngargarh	Sri Dungargarh	IN	24	3
Shināş	Shinas	OM	11	3
Sīdī Sālim	Sidi Salim	EG	21	3
Svitlovods’k	Svitlovods'k	UA	10	3
Sousa		BR	17	3
Siruguppa		IN	19	3
Saint-Louis		RE	RE	3
Sungai Raya		ID	11	3
Sufālat Samā’il	Sufalat Sama'il	OM	01	3
Salina		US	KS	3
San Lorenzo		AR	06	3
Suluova		TR	05	3
Stuttgart-Ost		DE	01	3
Shelekhov		RU	20	3
Serowe		BW	01	3
Şebin Karahisar	Sebin Karahisar	TR	28	3
Sevran		FR	11	3
San Luis de la Paz		MX	12	3
Shchūchīnsk	Shchuchinsk	KZ	16	3
San José Pinula	San Jose Pinula	GT	07	3
Sasayama		JP	13	3
Sawara		JP	04	3
Santa Ana		PH	03	3
Shujālpur	Shujalpur	IN	35	3
San Remo		IT	08	3
São José do Rio Pardo	Sao Jose do Rio Pardo	BR	27	3
Santurtzi		ES	59	3
Saint-Herblain		FR	52	3
San Pedro Ayampuc		GT	07	3
Singkil		ID	01	3
Santo Amaro		BR	05	3
Stepnogorsk		KZ	03	3
São Domingos de Rana	Sao Domingos de Rana	PT	14	3
Sheikhpura		IN	34	3
Suruç	Suruc	TR	63	3
Surin		TH	29	3
Safonovo		RU	69	3
Santiago		BR	23	3
Seohāra	Seohara	IN	36	3
Sarakhs		IR	42	3
Shepetivka		UA	09	3
Staryy Malgobek		RU	19	3
Sadao		TH	68	3
Şafwá	Safwa	SA	06	3
San Benedetto del Tronto		IT	10	3
Sammamish		US	WA	3
Singen		DE	01	3
Stillwater		US	OK	3
San Juan de los Lagos		MX	14	3
Sesto Fiorentino		IT	16	3
Stade		DE	06	3
Salisbury		GB	ENG	3
Sama		ES	34	3
Strumica		MK	E7	3
Santo Domingo		CU	16	3
Shertallai		IN	13	3
San Giorgio a Cremano		IT	04	3
Sironj		IN	35	3
Sololá	Solola	GT	19	3
Santiago de Veraguas		PA	10	3
Salcedo		DO	19	3
Spassk-Dal’niy	Spassk-Dal'niy	RU	59	3
Saint Louis Park		US	MN	3
Shebekino		RU	09	3
San Isidro		AR	01	3
San Luis Obispo		US	CA	3
Soest		NL	09	3
Sariaya		PH	40	2
Sykiés	Sykies	GR	ESYE12	2
Scandicci		IT	16	2
San Marcos		US	TX	2
Skhirate		MA	49	2
Strezhevoy		RU	75	2
San Buenaventura		MX	15	2
Si Sa Ket		TH	30	2
Strongsville		US	OH	2
Suresnes		FR	11	2
Singa		SD	58	2
Straubing		DE	02	2
Sieradz		PL	74	2
Severn		US	MD	2
San Jacinto		US	CA	2
Settimo Torinese		IT	12	2
Sarāi Ālamgīr	Sarai Alamgir	PK	04	2
Şereflikoçhisar	Sereflikochisar	TR	68	2
Souq Larb’a al Gharb	Souq Larb'a al Gharb	MA	52	2
Sayansk		RU	20	2
Sutton in Ashfield		GB	ENG	2
San Germán	San German	CU	12	2
Sierra Vista		US	AZ	2
Salinas		EC	25	2
Sertolovo		RU	42	2
Siguiri		GN	K	2
Santa Lucía	Santa Lucia	AR	18	2
Sagae		JP	44	2
Samal		PH	11	2
Suhl		DE	15	2
Summerville		US	SC	2
Sovetsk		RU	23	2
Saint Thomas Mount		IN	25	2
Sainthia		IN	28	2
Sonqor		IR	13	2
Siguatepeque		HN	04	2
Sandıklı	Sandikli	TR	03	2
Sant Feliu de Llobregat		ES	56	2
Sicklerville		US	NJ	2
Sayreville Junction		US	NJ	2
Selu		IN	16	2
Siena		IT	16	2
Sivaganga		IN	25	2
Su-ngai Kolok		TH	31	2
Sharypovo		RU	91	2
Seregno		IT	09	2
San Antonio de los Baños	San Antonio de los Banos	CU	AR	2
São Joaquim da Barra	Sao Joaquim da Barra	BR	27	2
Sayreville		US	NJ	2
Shoranūr	Shoranur	IN	13	2
Sandefjord		NO	20	2
Staaken		DE	16	2
Sojat		IN	24	2
Sorang		KZ	12	2
Southglenn		US	CO	2
Sikandra Rao		IN	36	2
Santa Elena		EC	25	2
Sokol		RU	85	2
Salgueiro		BR	30	2
Santyoku		KR	06	2
Sidi Bouzid		TN	33	2
Saint-Eustache		CA	10	2
Smara		EH	CE	2
State College		US	PA	2
Stretford		GB	ENG	2
Santa Rosa		EC	08	2
Santiago Teyahualco		MX	15	2
Sundargarh		IN	21	2
Silkeborg		DK	18	2
Saint-Priest		FR	84	2
San Joaquín	San Joaquin	VE	07	2
Sevilla		CO	29	2
Santos Dumont		BR	15	2
San Vicente		SV	12	2
Sūsangerd	Susangerd	IR	15	2
Shāhīn Dezh	Shahin Dezh	IR	01	2
Shirone		JP	29	2
Salon-de-Provence		FR	93	2
Salem		US	MA	2
Seevetal		DE	06	2
Sihorā	Sihora	IN	35	2
San Pedro		MX	07	2
Sehwān	Sehwan	PK	05	2
Sittingbourne		GB	ENG	2
Sebdou		DZ	15	2
São Lourenço	Sao Lourenco	BR	15	2
Saint-Germain-en-Laye		FR	11	2
Shinjō	Shinjo	JP	44	2
Sesimbra		PT	19	2
San Bruno		US	CA	2
Salinópolis	Salinopolis	BR	16	2
San Fernando de Henares		ES	29	2
South Valley		US	NM	2
Swadlincote		GB	ENG	2
Salwá	Salwa	KW	08	2
Świnoujście	Swinoujscie	PL	87	2
São Miguel dos Campos	Sao Miguel dos Campos	BR	02	2
Sakhipur		BD	81	2
Sirinhaém	Sirinhaem	BR	30	2
Santander de Quilichao		CO	09	2
Sinjai		ID	38	2
Souma		DZ	20	2
Sète	Sete	FR	76	2
Sighetu Marmaţiei	Sighetu Marmatiei	RO	25	2
Sơn Tây	Son Tay	VN	44	2
Šilainiai	Silainiai	LT	57	2
Sumter		US	SC	2
Saurimo		AO	18	2
Soavinandriana		MG	7670855	2
Solan		IN	11	2
Saḩāb	Sahab	JO	16	2
Sopot		PL	82	2
Saundatti		IN	19	2
Świdnik	Swidnik	PL	75	2
Sidi Bennour		MA	51	2
San Pedro Sacatepéquez	San Pedro Sacatepequez	GT	17	2
Sathupalli		IN	40	2
Salamá	Salama	GT	02	2
Smyrna		US	TN	2
Segovia		CO	02	2
Streamwood		US	IL	2
Sŭngho 1-tong	Sungho 1-tong	KP	12	2
Serrana		BR	27	2
Svetlograd		RU	70	2
San Gabriel		US	CA	2
Silistra		BG	55	2
Savigny-sur-Orge		FR	11	2
Schorndorf		DE	01	2
Sanok		PL	80	2
Salgótarján	Salgotarjan	HU	14	2
Senekal		ZA	03	2
Steyr		AT	04	2
Shelton		US	CT	2
Sumoto		JP	13	2
Soria		ES	55	2
Shiroishi		JP	24	2
San Pascual		PH	40	2
San Martín	San Martin	SV	04	2
Saint-Ouen		FR	11	2
Shāhābād	Shahabad	IN	10	2
Sampsonievskiy		RU	42	2
Soanierana Ivongo		MG	7670848	2
Saña	Sana	PE	14	2
Spišská Nová Ves	Spisska Nova Ves	SK	03	2
Siegburg		DE	07	2
Sremska Mitrovica		RS	VO	2
Skelmersdale		GB	ENG	2
Scarborough		GB	ENG	2
Shepparton		AU	07	2
Simdega		IN	38	2
Sankt Ingbert		DE	09	2
Salaberry-de-Valleyfield		CA	10	2
Sangariā	Sangaria	IN	24	2
Sirohi		IN	24	2
Schwabach		DE	02	2
Sherman		US	TX	2
Szczecinek		PL	87	2
Sablayan		PH	41	2
Saarlouis		DE	09	2
Sinjār	Sinjar	IQ	15	2
Sochaczew		PL	78	2
San Vicente		AR	14	2
San Juan de Colón	San Juan de Colon	VE	20	2
Santa Cruz de Juventino Rosas		MX	11	2
Stanton		US	CA	2
Surbiton		GB	ENG	2
Shimabara		JP	27	2
Saronno		IT	09	2
Sūlūru	Suluru	IN	02	2
Salekhard		RU	87	2
Saint-Chamond		FR	84	2
Schwedt (Oder)		DE	11	2
Shahbazpur		IN	34	2
Sint-Truiden		BE	VLG	2
Savanūr	Savanur	IN	19	2
Sansanné-Mango	Sansanne-Mango	TG	26	2
Saint-Raphaël	Saint-Raphael	HT	09	2
Stendal		DE	14	2
Sitrah		BH	16	2
Severna Park		US	MD	2
Sungurlu		TR	19	2
Sun City		US	AZ	2
Santo Domingo Tehuantepec		MX	20	2
Struga		MK	E6	2
Santa Cruz do Rio Pardo		BR	27	2
Sumusţā as Sulţānī	Sumusta as Sultani	EG	18	2
Sestroretsk		RU	66	2
Sadāseopet	Sadaseopet	IN	40	2
Shādegān	Shadegan	IR	15	2
Sāhīwāl	Sahiwal	PK	04	2
South Jordan Heights		US	UT	2
Sam Phran		TH	53	2
Šibenik	Sibenik	HR	13	2
Shakopee		US	MN	2
Spartanburg		US	SC	2
Sukhothai		TH	09	2
Sassuolo		IT	05	2
Serik		TR	07	2
Swords		IE	L	2
Smarhon’	Smarhon'	BY	03	2
Sciacca		IT	15	2
San Jerónimo Cuatro Vientos	San Jeronimo Cuatro Vientos	MX	15	2
Sunan		KP	12	2
Serdobsk		RU	57	2
Simpang		ID	05	2
Salyan		AZ	49	2
San Marcos		CO	27	2
Schwäbisch Hall	Schwaebisch Hall	DE	01	2
San José de Mayo	San Jose de Mayo	UY	16	2
Sarankhola		BD	82	2
Sanāwad	Sanawad	IN	35	2
Saint Charles		US	MD	2
Sukhoy Log		RU	71	2
Sakaiminato		JP	36	2
Srono		ID	08	2
São Francisco do Sul	Sao Francisco do Sul	BR	26	2
Solano		PH	02	2
Slantsy		RU	42	2
Sofifi		ID	29	2
St. Thomas		CA	08	2
Sadābād	Sadabad	IN	36	2
Shinshiro		JP	01	2
Santiago		MX	19	2
Shibganj		BD	83	2
Sārangpur	Sarangpur	IN	35	2
San Jose		PH	05	2
Sisak		HR	14	2
South Miami Heights		US	FL	2
Samālkha	Samalkha	IN	10	2
Saint-Martin-d’Hères	Saint-Martin-d'Heres	FR	84	2
Sidi ech Chahmi		DZ	09	2
Stutterheim		ZA	05	2
Shamkhor		AZ	51	2
San Martín Azcatepec	San Martin Azcatepec	MX	15	2
Saint-Benoît	Saint-Benoit	RE	RE	2
Sumberpucung		ID	08	2
Sherghāti	Sherghati	IN	34	2
Santo Antônio da Platina	Santo Antonio da Platina	BR	18	2
Safranbolu		TR	89	2
Santiago de las Vegas		CU	02	2
Shumerlya		RU	16	2
Sinsheim		DE	01	2
Sambir		UA	15	2
Saint Cloud		US	FL	2
Seram		IN	19	2
Saint Albans		AU	07	2
Samut Songkhram		TH	54	2
Sānand	Sanand	IN	09	2
Shtime		XK	10096138	2
Staraya Derevnya		RU	66	2
Sidi Okba		DZ	19	2
Shāhābād	Shahabad	IN	36	2
San Pedro de Alcántara	San Pedro de Alcantara	ES	51	2
Saint-Raphaël	Saint-Raphael	FR	93	2
Simav		TR	43	2
San Isidro		CR	08	2
Stow		US	OH	2
Sinop		TR	57	2
Six-Fours-les-Plages		FR	93	2
San Leonardo		PH	03	2
Spanish Fork		US	UT	2
Shikārpūr	Shikarpur	IN	36	2
Sagauli		IN	34	2
Steinfurt		DE	07	2
Santa Cruz del Sur		CU	05	2
San Juan Capistrano		US	CA	2
Surubim		BR	30	2
Sankeshwar		IN	19	2
Satun		TH	67	2
Sighișoara	Sighisoara	RO	27	2
Sundbyberg		SE	26	2
Spandau		DE	16	2
San Vicente de Moravia		CR	08	2
San Vicente		CR	08	2
Satānā	Satana	IN	16	2
Staraya Russa		RU	52	2
Schönebeck	Schoenebeck	DE	14	2
Sibut		CF	06	2
Santa Helena de Goiás	Santa Helena de Goias	BR	29	2
San Nicolas		PH	01	2
Sarāqib	Saraqib	SY	12	2
San Antonio		PH	03	2
Szekszárd	Szekszard	HU	21	2
Sabaneta		CO	02	2
São Gotardo	Sao Gotardo	BR	15	2
Slavgorod		RU	04	2
Sinnar		IN	16	2
Shakīso	Shakiso	ET	51	2
Sathyamangalam		IN	25	2
Somanda		TZ	31	2
Starokostyantyniv		UA	09	2
Shrewsbury		US	MA	2
Schaffhausen		CH	SH	2
San Juan		US	TX	2
Sindgi		IN	19	2
Sant Adrià de Besòs	Sant Adria de Besos	ES	56	2
Schio		IT	20	2
San Isidro		MX	15	2
Santa Isabel		BR	27	2
Saint-Joseph		RE	RE	2
Sainte-Geneviève-des-Bois	Sainte-Genevieve-des-Bois	FR	11	2
Salisbury		US	NC	2
Schoten		BE	VLG	2
San Gil		CO	26	2
Sorel-Tracy		CA	10	2
São Manuel	Sao Manuel	BR	27	2
Sicuani		PE	08	2
Sant'Antimo		IT	04	2
St Albans		AU	07	2
Severoural’sk	Severoural'sk	RU	71	2
San Luis		PH	03	2
Strood		GB	ENG	2
San Dimas		US	CA	2
Sohna		IN	10	2
Segezha		RU	28	2
Santiago Atitlán	Santiago Atitlan	GT	19	2
Santa Cruz		CL	08	2
Sumbe		AO	06	2
Shāhpura	Shahpura	IN	24	2
Shikārpur	Shikarpur	IN	19	2
Saumur		FR	52	2
Skövde	Skoevde	SE	28	2
Sīrkāzhi	Sirkazhi	IN	25	2
Slavuta		UA	09	2
Santo Antônio de Pádua	Santo Antonio de Padua	BR	21	2
São Francisco	Sao Francisco	BR	15	2
Seaside		US	CA	2
Stirling		GB	SCT	2
Saint Charles		US	IL	2
Salvatierra		MX	11	2
San Onofre		CO	27	2
San Kamphaeng		TH	02	2
Seelze		DE	06	2
Silver Lake		US	CA	2
Security-Widefield		US	CO	2
Sukheke Mandi		PK	04	2
San Donà di Piave	San Dona di Piave	IT	20	2
Sneek		NL	02	2
Şarkîkaraağaç	Sarkikaraagac	TR	33	2
Sethārja Old	Setharja Old	PK	05	2
Stains		FR	11	2
Sasaguri		JP	07	2
Stuhr		DE	06	2
Somma Vesuviana		IT	04	2
San Antonio del Táchira	San Antonio del Tachira	VE	20	2
Slobodskoy		RU	33	2
Schiltigheim		FR	44	2
Svishtov		BG	62	2
Salto de Pirapora		BR	27	2
Sidi Yahia El Gharb		MA	52	2
Seinäjoki	Seinaejoki	FI	14	2
Smolyan		BG	57	2
Sabinas Hidalgo		MX	19	2
Sant Joan Despí	Sant Joan Despi	ES	56	2
Socorro		US	TX	2
Shirley		GB	ENG	2
Shirdi		IN	16	2
Saint-Dizier		FR	44	2
Synel’nykove	Synel'nykove	UA	04	2
Slagelse		DK	20	2
Saḩar	Sahar	YE	16	2
Sattur		IN	25	2
Sharqpur		PK	04	2
Santa Rita		VE	23	2
São Luiz Gonzaga	Sao Luiz Gonzaga	BR	23	2
Santa Pola		ES	60	2
Santa Maria Capua Vetere		IT	04	2
Sainte-Marie		RE	RE	2
Sosnovoborsk		RU	91	2
Sakrand		PK	05	2
Shingū	Shingu	JP	43	2
Salqīn	Salqin	SY	12	2
Sijua		IN	38	2
Sambava		MG	7670846	2
San Carlos		CL	06	2
Schertz		US	TX	2
San Javier		ES	31	2
San José	San Jose	CR	01	2
Shāhpur	Shahpur	IN	19	2
Spring Valley		US	NY	2
Šeškinė	Seskine	LT	65	2
Santa Eulària des Riu	Santa Eularia des Riu	ES	07	2
San José Guadalupe Otzacatipan	San Jose Guadalupe Otzacatipan	MX	15	2
Sāngola	Sangola	IN	16	2
Sakai-nakajima		JP	10	2
Singānallūr	Singanallur	IN	25	2
Soissons		FR	32	2
Surallah		PH	12	2
Sfizef		DZ	30	2
San Giuliano Milanese		IT	09	2
São Sebastião do Passé	Sao Sebastiao do Passe	BR	05	2
Sabalgarh		IN	35	2
Sirūr	Sirur	IN	16	2
Shamsābād	Shamsabad	IN	36	2
San Andrés del Rabanedo	San Andres del Rabanedo	ES	55	2
Senigallia		IT	10	2
Safidon		IN	10	2
Skellefteå	Skelleftea	SE	23	2
Sincé	Since	CO	27	2
San Benito		GT	12	2
Sorochinsk		RU	55	2
Souran		SY	10	2
Sotteville-lès-Rouen	Sotteville-les-Rouen	FR	28	2
Stroud		GB	ENG	2
Szentes		HU	06	2
Springfield		US	VA	2
Starominskaya		RU	38	2
Sint-Pieters-Leeuw		BE	VLG	2
San Pablo Autopan		MX	17	2
Śrem	Srem	PL	86	2
Salisbury		US	MD	2
Sarkhej		IN	09	2
Sidareja		ID	07	2
Sri Mādhopur	Sri Madhopur	IN	24	2
Schwelm		DE	07	2
Stratford		CA	08	2
Salāya	Salaya	IN	09	2
Savalou		BJ	11	2
Selogiri		ID	07	2
Sakété	Sakete	BJ	17	2
Seria		BN	01	2
Shatura		RU	47	2
Salima		MW	C	2
Southgate		US	MI	2
Salt		ES	56	1
Saratoga		US	CA	1
Sunbury		AU	07	1
Săcele	Sacele	RO	09	1
Sasovo		RU	62	1
Sāsvad	Sasvad	IN	16	1
Shawnee		US	OK	1
San Rafael del Sur		NI	10	1
Shīeli	Shieli	KZ	14	1
Springe		DE	06	1
Shar’ya	Shar'ya	RU	37	1
San Paolo		IT	13	1
Soro		IN	21	1
Santa Elena de Uairén	Santa Elena de Uairen	VE	06	1
Saint-Médard-en-Jalles	Saint-Medard-en-Jalles	FR	75	1
Sovetskaya Gavan’	Sovetskaya Gavan'	RU	30	1
Sidi Amrane		DZ	50	1
Samal		PH	03	1
South Gate		US	MD	1
Saoner		IN	16	1
San Juan Nepomuceno		CO	35	1
Sundern		DE	07	1
San Vicente de Tagua Tagua		CL	08	1
Salem		US	NH	1
Srandakan		ID	10	1
Sherwood		US	AR	1
Saint-Laurent-du-Var		FR	93	1
Saintes		FR	75	1
Sestao		ES	59	1
Springville		US	UT	1
Singojuruh		ID	08	1
Shamakhi		AZ	50	1
Santarém	Santarem	PT	18	1
Sun Prairie		US	WI	1
Sosnogorsk		RU	34	1
Smach Mean Chey		KH	08	1
Santa Paula		US	CA	1
Savelugu		GH	06	1
Sarikei		MY	11	1
Saint-Leu		FR	27	1
Shīnḏanḏ	Shindand	AF	11	1
Shāhpura	Shahpura	IN	24	1
San Roque		ES	51	1
Schererville		US	IN	1
Seonghwan		KR	17	1
Saint-Sébastien-sur-Loire	Saint-Sebastien-sur-Loire	FR	52	1
São João dos Inhamuns	Sao Joao dos Inhamuns	BR	06	1
San Fernando		MX	28	1
San Pablo		US	CA	1
Selçuk	Selcuk	TR	35	1
San Simon		PH	03	1
Spring Hill		US	TN	1
Sirsāganj	Sirsaganj	IN	36	1
Sānchor	Sanchor	IN	24	1
Sainte-Julie		CA	10	1
Sandūr	Sandur	IN	19	1
Swarzędz	Swarzedz	PL	86	1
Sūrandai	Surandai	IN	25	1
Senftenberg		DE	11	1
Saint-Étienne-du-Rouvray	Saint-Etienne-du-Rouvray	FR	28	1
Suār	Suar	IN	36	1
Senhora da Hora		PT	17	1
Sueca		ES	60	1
Saint-Cloud		FR	11	1
Sarno		IT	04	1
San Miguel		CR	08	1
Šumperk	Sumperk	CZ	84	1
Santa Rita do Sapucaí	Santa Rita do Sapucai	BR	15	1
Samtredia		GE	66	1
Sens		FR	27	1
Soron		IN	36	1
Sholinghur		IN	25	1
Socorro Mission Number 1 Colonia		US	TX	1
Sawākin	Sawakin	SD	36	1
Shipley		GB	ENG	1
Sequeira		PT	11	1
Sa Kaeo		TH	80	1
Serendah		MY	12	1
Shaker Heights		US	OH	1
Statesboro		US	GA	1
San Carlos		US	CA	1
Sant Pere de Ribes		ES	56	1
San Donato Milanese		IT	09	1
Seoni Mālwa	Seoni Malwa	IN	35	1
Sonāmukhi	Sonamukhi	IN	28	1
Saky		UA	11	1
Southport		AU	04	1
Segrate		IT	09	1
Saint-Leu		RE	RE	1
São Miguel do Guamá	Sao Miguel do Guama	BR	16	1
Schwandorf in Bayern		DE	02	1
São Mateus do Maranhão	Sao Mateus do Maranhao	BR	13	1
Shrīgonda	Shrigonda	IN	16	1
Spring Valley		US	CA	1
Suisun		US	CA	1
Sanford		US	NC	1
Sibulan		PH	07	1
Sabirabad		AZ	46	1
Shcherbinka		RU	48	1
Stuttgart Feuerbach		DE	01	1
Sitten		CH	VS	1
Saalfeld		DE	15	1
Santa Maria		PH	01	1
Sahavato		MG	7670906	1
Saint Helier		JE	3237864	1
Sanctorum		MX	21	1
Sevenoaks		GB	ENG	1
Shirley		US	NY	1
Sterling		US	VA	1
Safed		IL	03	1
Satita		SY	14	1
São Fidélis	Sao Fidelis	BR	21	1
Sijunjung		ID	24	1
Sunbury-on-Thames		GB	ENG	1
São José de Ribamar	Sao Jose de Ribamar	BR	13	1
Santa Vitória do Palmar	Santa Vitoria do Palmar	BR	23	1
Santa Cruz		BR	22	1
Santa Rosa de Copán	Santa Rosa de Copan	HN	05	1
Senak’i	Senak'i	GE	71	1
Soe		ID	18	1
Sant Vicenç dels Horts	Sant Vicenc dels Horts	ES	56	1
Sitges		ES	56	1
St. Pauli		DE	04	1
Sīta Road	Sita Road	PK	05	1
Svendborg		DK	21	1
Selm		DE	07	1
Sānkrāil	Sankrail	IN	28	1
San Pedro		CR	08	1
Soroca		MD	87	1
Sol’-Iletsk	Sol'-Iletsk	RU	55	1
San Rafael Abajo		CR	08	1
Shalqar		KZ	04	1
Silvassa		IN	06	1
Savonlinna		FI	10	1
Sŏnbong	Sonbong	KP	18	1
Santo Estêvão	Santo Estevao	BR	05	1
Sebeş	Sebes	RO	01	1
Superior		US	WI	1
Spanaway		US	WA	1
Semīrom	Semirom	IR	28	1
Simanggang		MY	11	1
Sikonge		TZ	17	1
Sarny		UA	19	1
Shalkar		KZ	06	1
Slidell		US	LA	1
São Pedro	Sao Pedro	BR	27	1
Sønderborg	Sonderborg	DK	21	1
Sillānwāli	Sillanwali	PK	04	1
Smederevska Palanka		RS	SE	1
Siliana		TN	22	1
Showot		UZ	05	1
Şāmitah	Samitah	SA	17	1
Sungai Besar		MY	12	1
Sakai		JP	14	1
Stoughton		US	MA	1
Savage		US	MN	1
SeaTac		US	WA	1
Sankt Wendel		DE	09	1
Sāmba	Samba	IN	12	1
San Giuseppe Vesuviano		IT	04	1
Sannois		FR	11	1
Stabat		ID	26	1
San Juan del Cesar		CO	17	1
Sirdaryo		UZ	16	1
Sheoganj		IN	24	1
Samokov		BG	58	1
Stevens Point		US	WI	1
Shimoda		JP	37	1
Sausar		IN	35	1
Salou		ES	56	1
Strausberg		DE	11	1
Stantsiya Novyy Afon		GE	02	1
Saugus		US	MA	1
Saratoga Springs		US	NY	1
Southlake		US	TX	1
Sidi Akkacha		DZ	41	1
Shofirkon		UZ	02	1
Shāhganj	Shahganj	IN	36	1
Salor		UZ	14	1
Smithtown		US	NY	1
Sandanski		BG	38	1
Santa Catalina		PH	07	1
Santa Cruz		PH	03	1
Sant Andreu de la Barca		ES	56	1
Sprockhövel	Sprockhoevel	DE	07	1
San Miniato Basso		IT	16	1
Spremberg		DE	11	1
Semiluki		RU	86	1
San Antonio		PH	03	1
Siyabuswa		ZA	07	1
Susaki		JP	20	1
Sintra		PT	14	1
Sulur		IN	25	1
San Giovanni Rotondo		IT	13	1
Santana do Ipanema		BR	02	1
Schmallenberg		DE	07	1
Santiago Papasquiaro		MX	10	1
Shiggaon		IN	19	1
South Laurel		US	MD	1
Stuttgart Mühlhausen	Stuttgart Muehlhausen	DE	01	1
San Felipe		MX	11	1
San Juan		CR	08	1
Szczytno		PL	85	1
Sungai Udang		MY	04	1
Shingū	Shingu	JP	07	1
Si Satchanalai		TH	09	1
São Mamede de Infesta	Sao Mamede de Infesta	PT	17	1
Savigny-le-Temple		FR	11	1
Sagara		JP	37	1
Shimo-furano		JP	12	1
Santo Tomás	Santo Tomas	CO	04	1
Świecie	Swiecie	PL	73	1
Suitland		US	MD	1
Sokoni		TZ	21	1
Suşehri	Susehri	TR	58	1
Santa Fé do Sul	Santa Fe do Sul	BR	27	1
Severobaykal’sk	Severobaykal'sk	RU	11	1
Santa Cruz das Palmeiras		BR	27	1
Sandusky		US	OH	1
Sukumo		JP	20	1
Srīnivāspur	Srinivaspur	IN	19	1
Salinas		BR	15	1
Soledad		US	CA	1
Staveley		GB	ENG	1
Santiago Pinotepa Nacional		MX	20	1
Sepuka		TZ	16	1
Stockbridge		US	GA	1
Sādri	Sadri	IN	24	1
South Pasadena		US	CA	1
San Vicente de Cañete	San Vicente de Canete	PE	15	1
Santana do Paraíso	Santana do Paraiso	BR	15	1
Subaykhān	Subaykhan	SY	07	1
San Luis		US	AZ	1
Soko		ID	08	1
Salaga		GH	06	1
San Rafael		CR	08	1
Сарај	Saraj	MK	90	1
Salamína	Salamina	GR	ESYE31	1
Shardara		KZ	10	1
São Lourenço do Sul	Sao Lourenco do Sul	BR	23	1
Sundarnagar		IN	11	1
Sayula		MX	14	1
Songadh		IN	09	1
Shamsābād	Shamsabad	IN	36	1
Sahuarita		US	AZ	1
Şurmān	Surman	LY	68	1
Sapanca		TR	54	1
Sainte-Thérèse	Sainte-Therese	CA	10	1
Seguin		US	TX	1
Santa Ana		PE	08	1
Saryaghash		KZ	10	1
Sidi Mérouane	Sidi Merouane	DZ	48	1
San Marcos		GT	17	1
Sandomierz		PL	84	1
Santa Perpètua de Mogoda	Santa Perpetua de Mogoda	ES	56	1
Swakopmund		NA	29	1
Shoreview		US	MN	1
Sucy-en-Brie		FR	11	1
Sāndi	Sandi	IN	36	1
South Portland		US	ME	1
Slavutych		UA	13	1
Same		TL	MF	1
Shali		RU	12	1
Stung Treng		KH	17	1
Shiraguppi		IN	16	1
Seririt		ID	02	1
San Felipe		CR	08	1
Sheohar		IN	34	1
San Carlos		UY	09	1
Sakleshpur		IN	19	1
Santeramo in Colle		IT	13	1
São Mateus do Sul	Sao Mateus do Sul	BR	18	1
Sokolov		CZ	81	1
Sho’rchi	Sho'rchi	UZ	12	1
Salo		FI	02	1
Sabanagrande		CO	04	1
Szigetszentmiklós	Szigetszentmiklos	HU	16	1
Soignies		BE	WAL	1
Shelui		TZ	16	1
Susurluk		TR	10	1
San		ML	05	1
Salem		US	VA	1
Safīpur	Safipur	IN	36	1
Soledade		BR	23	1
São Bento	Sao Bento	BR	17	1
Santaluz		BR	05	1
Short Pump		US	VA	1
Saltpond		GH	04	1
Sirāhā	Siraha	NP	ER	1
Saint-Dié-des-Vosges	Saint-Die-des-Vosges	FR	44	1
San Carlos		CO	12	1
São Francisco do Conde	Sao Francisco do Conde	BR	05	1
Sakhnīn	Sakhnin	IL	03	1
Sevlievo		BG	41	1
Santa Rita do Passa Quatro		BR	27	1
San Bernardino Contla		MX	29	1
Salzkotten		DE	07	1
Sun City West		US	AZ	1
Statesville		US	NC	1
Sabang		ID	01	1
Sellye		SK	04	1
Singāpur	Singapur	IN	40	1
Sahaspur		IN	36	1
Sarreguemines		FR	44	1
South Windsor		US	CT	1
San Antonio Tecómitl	San Antonio Tecomitl	MX	09	1
Santa Quitéria	Santa Quiteria	BR	06	1
Saint-Bruno-de-Montarville		CA	10	1
Skopin		RU	62	1
Syracuse		US	UT	1
Sirari		TZ	08	1
Semënov	Semenov	RU	51	1
Saint-Laurent-du-Maroni		GF	GF	1
Syke		DE	06	1
Socorro		BR	27	1
Sanger		US	CA	1
Selydove		UA	05	1
South Riding		US	VA	1
San Benito		US	TX	1
Sühbaatar	Suhbaatar	MN	16	1
Saint John’s	Saint John's	AG	04	1
Sitārganj	Sitarganj	IN	39	1
Santiago Sacatepéquez	Santiago Sacatepequez	GT	16	1
Sikandarpur		IN	36	1
Seal Beach		US	CA	1
Srīsailain	Srisailain	IN	02	1
Samborondón	Samborondon	EC	10	1
Schleswig		DE	10	1
Summerlin South		US	NV	1
Sipalay		PH	06	1
Setakamachi-takayanagi		JP	07	1
Saint-Constant		CA	10	1
Svay Rieng		KH	18	1
Scottburgh		ZA	02	1
Shrīrangapattana	Shrirangapattana	IN	19	1
Sonneberg		DE	15	1
South Portland Gardens		US	ME	1
Starkville		US	MS	1
Sliedrecht		NL	11	1
Sohāgpur	Sohagpur	IN	35	1
Şarkışla	Sarkisla	TR	58	1
Step’anavan	Step'anavan	AM	06	1
Sora		IT	07	1
Staunton		US	VA	1
San Pedro del Pinatar		ES	31	1
San Pedro		AR	14	1
Sèvres	Sevres	FR	11	1
Spinea-Orgnano		IT	20	1
San Fernando		PH	07	1
Sovetskiy		RU	32	1
Sarıkamış	Sarikamis	TR	84	1
Skawina		PL	77	1
San Fernando		US	CA	1
Saint-Pol-sur-Mer		FR	32	1
São Luís de Montes Belos	Sao Luis de Montes Belos	BR	29	1
Songwa		TZ	15	1
Santa Cruz del Quiché	Santa Cruz del Quiche	GT	14	1
South Salt Lake		US	UT	1
Szentendre		HU	16	1
Scotch Plains		US	NJ	1
Semikarakorsk		RU	61	1
São Gonçalo do Amarante	Sao Goncalo do Amarante	BR	06	1
Steenbergen		NL	06	1
San Ignacio de Velasco		BO	08	1
Seriate		IT	09	1
Santa Cruz de El Seibo		DO	28	1
Strakonice		CZ	79	1
Sidi Abdelli		DZ	15	1
San Martín de los Andes	San Martin de los Andes	AR	15	1
Santa Maria da Vitória	Santa Maria da Vitoria	BR	05	1
Stellingen		DE	04	1
Shīshgarh	Shishgarh	IN	36	1
San Lorenzo		US	CA	1
St Austell		GB	ENG	1
South Plainfield		US	NJ	1
Sāvantvādi	Savantvadi	IN	16	1
Sobue		JP	01	1
Springfield		US	PA	1
Solon		US	OH	1
San Marcos		NI	02	1
Sangerhausen		DE	14	1
Salah Bey		DZ	12	1
Soygaon		IN	16	1
Selargius		IT	14	1
Sassandra		CI	76	1
Schijndel		NL	06	1
South Old Bridge		US	NJ	1
Świebodzice	Swiebodzice	PL	72	1
San Sebastiano		IT	09	1
Selma		US	CA	1
Sisŏphŏn	Sisophon	KH	25	1
Sucre		CO	27	1
Sibaté	Sibate	CO	33	1
Shirahamachō-usazakiminami	Shirahamacho-usazakiminami	JP	13	1
São João Nepomuceno	Sao Joao Nepomuceno	BR	15	1
San Jerónimo Ixtepec	San Jeronimo Ixtepec	MX	20	1
Sasel		DE	04	1
San Jorge Pueblo Nuevo		MX	15	1
Starnberg		DE	02	1
Stadthagen		DE	06	1
Shāmgarh	Shamgarh	IN	35	1
Sehnde		DE	06	1
San Lorenzo Acopilco		MX	09	1
Starý Bohumín	Stary Bohumin	CZ	85	1
Siófok	Siofok	HU	17	1
Sechura		PE	20	1
Sremčica	Sremcica	RS	SE	1
Scheveningen		NL	11	1
Saint-Ouen-l’Aumône	Saint-Ouen-l'Aumone	FR	11	1
Staßfurt	Stassfurt	DE	14	1
Santa Luzia		BR	13	1
Saidpur		IN	36	1
Shido		JP	17	1
Sainte-Anne		GP	GP	1
Searcy		US	AR	1
Severskaya		RU	38	1
Sāmbhar	Sambhar	IN	24	1
San Miguel de Papasquiaro		MX	10	1
Stalybridge		GB	ENG	1
Seveso		IT	09	1
San Carlos		CO	02	1
Saiha		IN	31	1
Santo Tomé	Santo Tome	AR	06	1
Serra Negra		BR	27	1
Schwetzingen		DE	01	1
Santo Antônio do Monte	Santo Antonio do Monte	BR	15	1
Saint-Nicolas		BE	WAL	1
Sept-Îles	Sept-Iles	CA	10	1
Stratford-upon-Avon		GB	ENG	1
San Vicente		CL	08	1
Sirsi		IN	36	1
Segundo Ensanche		ES	32	1
Saint-Ghislain		BE	WAL	1
Shizunai-furukawachō	Shizunai-furukawacho	JP	12	1
San Javier		CL	11	1
Shakhun’ya	Shakhun'ya	RU	51	1
Sofo-Birnin-Gwari		NG	23	1
Sergach		RU	51	1
Spalding		GB	ENG	1
San Lazzaro		IT	05	1
Seaford		GB	ENG	1
Silapathar		IN	03	1
South Euclid		US	OH	1
San Lorenzo		HN	17	1
Sandyford		IE	L	1
Senden		DE	02	1
Snina		SK	05	1
Shetland		GB	SCT	1
San Miguel el Alto		MX	14	1
Sahāwar	Sahawar	IN	36	1
Sidhaulī	Sidhauli	IN	36	1
South Bradenton		US	FL	1
Shōbu	Shobu	JP	34	1
Someshwar		IN	19	1
San José del Guaviare	San Jose del Guaviare	CO	14	1
Sadalgi		IN	19	1
Svetlyy		RU	23	1
Sandviken		SE	03	1
Somerset		US	NJ	1
São João da Madeira	Sao Joao da Madeira	PT	02	1
San Cataldo		IT	15	1
Siwāna	Siwana	IN	24	1
San Giovanni la Punta		IT	15	1
South Holland		US	IL	1
Starobil’s’k	Starobil's'k	UA	14	1
South Elgin		US	IL	1
Santiago de Cao		PE	13	1
Sant Feliu de Guíxols	Sant Feliu de Guixols	ES	56	1
Soltau		DE	06	1
Sysert’	Sysert'	RU	71	1
San Juan de Alicante		ES	60	1
Sebastian		US	FL	1
Seesen		DE	06	1
San Francisco Acuautla		MX	15	1
Sainte-Foy-lès-Lyon	Sainte-Foy-les-Lyon	FR	84	1
Smithfield		US	RI	1
Sant Antoni de Portmany		ES	07	1
Silao		IN	34	1
Sakaraha		MG	7670913	1
San Justo		AR	21	1
Sondershausen		DE	15	1
Sebu		PH	12	1
Silute		LT	58	1
Środa Wielkopolska	Sroda Wielkopolska	PL	86	1
Świebodzin	Swiebodzin	PL	76	1
Shibetsu		JP	12	1
Senica		SK	07	1
Saint-Lô	Saint-Lo	FR	28	1
Stadtallendorf		DE	05	1
San Pablo		CR	04	1
Samthar		IN	36	1
Saktī	Sakti	IN	37	1
Sha Tin		HK	NST	1
Suai		TL	CO	1
Sceaux		FR	11	1
Santa Rosa de Viterbo		BR	27	1
Shimanovsk		RU	05	1
Summit		US	NJ	1
Sokal’	Sokal'	UA	15	1
Shāhpur Chākar	Shahpur Chakar	PK	05	1
Stoneham		US	MA	1
South Lake Tahoe		US	CA	1
Sedalia		US	MO	1
Schortens		DE	06	1
Seondha		IN	35	1
Sonthofen		DE	02	1
Saint-Mandé	Saint-Mande	FR	11	1
Staraya Kupavna		RU	47	1
Sidney		US	OH	1
Sampués	Sampues	CO	27	1
Sheksna		RU	85	1
Seaham		GB	ENG	1
South Milwaukee		US	WI	1
Saint Andrews		US	SC	1
San José de Ocoa	San Jose de Ocoa	DO	36	1
San Nicola la Strada		IT	04	1
Sexmoan		PH	03	1
Sulmona		IT	01	1
Suvorov		RU	76	1
Salzwedel		DE	14	1
Sotouboua		TG	22	1
Shin’ichi	Shin'ichi	JP	11	1
San José de Jáchal	San Jose de Jachal	AR	18	1
Sitampiky		MG	7670849	1
Soanindrariny		MG	7670854	1
Sabunçu	Sabuncu	AZ	09	1
Swanley		GB	ENG	1
Shama Junction		GH	09	1
Sarauli		IN	36	1
Silver Firs		US	WA	1
Sumpango		GT	16	1
Saint-Genis-Laval		FR	84	1
Saint-Louis		FR	44	1
Sömmerda	Soemmerda	DE	15	1
Sunny Isles Beach		US	FL	1
Saint-Michel-sur-Orge		FR	11	1
Skive		DK	18	1
Shiraoi		JP	12	1
Šuto Orizare	Suto Orizare	MK	A3	1
Sarzedo		BR	15	1
Sulzbach-Rosenberg		DE	02	1
San Juan de Aznalfarache		ES	51	1
Sivagiri		IN	25	1
Sortavala		RU	28	1
Selma		US	AL	1
Sant'Anastasia		IT	04	1
Surovikino		RU	84	1
Senago		IT	09	1
Sedan		FR	44	1
São João da Barra	Sao Joao da Barra	BR	21	1
Stadtlohn		DE	07	1
São Luís do Quitunde	Sao Luis do Quitunde	BR	02	1
South San Jose Hills		US	CA	1
Sapulpa		US	OK	1
Sainte-Suzanne		RE	RE	1
Shōbara	Shobara	JP	11	1
Stamford		GB	ENG	1
Sena Madureira		BR	01	1
Samfya		ZM	04	1
Sobinka		RU	83	1
Sarzana		IT	08	1
Secunda		ZA	07	1
Sulphur		US	LA	1
Suibara		JP	29	1
Sensuntepeque		SV	02	1
Sainte-Marie		MQ	MQ	1
Schilde		BE	VLG	1
San Bernardino Tlaxcalancingo		MX	21	1
Senden		DE	07	1
Shelbyville		US	TN	1
Sachse		US	TX	1
Shelby		US	NC	1
Santa Anita		MX	14	1
Somoto		NI	09	1
Senta		RS	VO	1
San Jacinto		CO	35	1
Schmargendorf		DE	16	1
San Pablo Jocopilas		GT	20	1
Serchhīp	Serchhip	IN	31	1
Strzelce Opolskie		PL	79	1
Sederot		IL	01	1
Sligo		IE	C	1
Srīnagar	Srinagar	IN	39	1
Siilinjärvi	Siilinjaervi	FI	11	1
San Lorenzo de Esmeraldas		EC	09	1
San Antonio de la Cal		MX	20	1
Sainte-Rose		GP	GP	1
Shiozawa		JP	29	1
Sredneuralsk		RU	71	1
South Saint Paul		US	MN	1
Sampaloc		PH	40	1
Sandown		GB	ENG	1
Sesheke		ZM	01	1
South El Monte		US	CA	1
Santiago Tíanguistenco	Santiago Tianguistenco	MX	15	1
Sunagawa		JP	12	1
Stebnyk		UA	15	1
Shemonaīkha	Shemonaikha	KZ	15	1
Sirumugai		IN	25	1
Sing Buri		TH	33	1
Sürmene	Surmene	TR	61	1
San Giovanni Lupatoto		IT	20	1
Schwanewede		DE	06	1
Setun’	Setun'	RU	48	1
Slobodka		RU	48	1
Surkhpur		PK	04	1
Steinkjer		NO	10	1
Stadskanaal		NL	04	1
Sidi Ifni		MA	55	1
Shanjeev Home		LK	37	1
Swinton		GB	ENG	1
Stenløse	Stenlose	DK	17	1
Sueyoshichō-ninokata	Sueyoshicho-ninokata	JP	18	1
Socastee		US	SC	1
Siswā Bāzār	Siswa Bazar	IN	36	1
Shisui		JP	04	1
Sāvda	Savda	IN	16	1
Saynshand		MN	07	1
Seddouk		DZ	18	1
Saint-Jean-de-Braye		FR	24	1
Steinhagen		DE	07	1
Shizukuishi		JP	16	1
Selden		US	NY	1
Suket		IN	24	1
Sangod		IN	24	1
Southbury		US	CT	1
Saginaw		US	TX	1
Sawankhalok		TH	09	1
Springvale		AU	07	1
Saint-Gratien		FR	11	1
Sūrajgarh	Surajgarh	IN	24	1
Stourport-on-Severn		GB	ENG	1
Sam Roi Yot		TH	57	1
Sédhiou	Sedhiou	SN	18	1
Sarāi Naurang	Sarai Naurang	PK	03	1
Salmon Creek		US	WA	1
Suay		PH	06	1
Sonāri	Sonari	IN	03	1
San Cristóbal Verapaz	San Cristobal Verapaz	GT	01	1
Spanish Lake		US	MO	1
San Borja		BO	03	1
Seferihisar		TR	35	1
Sun City		US	CA	1
San Francisco		PH	03	1
Seligenstadt		DE	05	1
São Raimundo Nonato	Sao Raimundo Nonato	BR	20	1
Srīrāmnagar	Sriramnagar	IN	40	1
Santa Cruz Cabrália	Santa Cruz Cabralia	BR	05	1
San Isidro		ES	53	1
São João dos Patos	Sao Joao dos Patos	BR	13	1
Sebeta		ET	51	1
São Gonçalo do Sapucaí	Sao Goncalo do Sapucai	BR	15	1
Sint-Katelijne-Waver		BE	VLG	1
Sil-li		KP	15	1
Schwalmtal		DE	07	1
Sibbo		FI	01	1
Skadovs’k	Skadovs'k	UA	08	1
Sikka		IN	09	1
Sojītra	Sojitra	IN	09	1
Singur		IN	28	1
Schopfheim		DE	01	1
Shāhpur	Shahpur	IN	35	1
Steilshoop		DE	04	1
Sobradinho		BR	05	1
Sun Valley		US	NV	1
Schwalmstadt		DE	05	1
Svilengrad		BG	43	1
Spoleto		IT	18	1
Sun City Center		US	FL	1
Straşeni	Straseni	MD	89	1
Schifferstadt		DE	08	1
Sondrio		IT	09	1
Silverdale		US	WA	1
Schneverdingen		DE	06	1
Shchigry		RU	41	1
Shelbyville		US	IN	1
São Sepé	Sao Sepe	BR	23	1
Shoreham-by-Sea		GB	ENG	1
Sanary-sur-Mer		FR	93	1
Senlis		FR	32	1
Suriānwān	Surianwan	IN	36	1
Santa Brígida	Santa Brigida	ES	53	1
San Rafael Oriente		SV	09	1
Sibiti		CG	05	1
Sokółka	Sokolka	PL	81	1
Saravia		PH	06	1
Sơn La	Son La	VN	32	1
Southbridge		US	MA	1
Samho-rodongjagu		KP	03	1
São Sebastião do Caí	Sao Sebastiao do Cai	BR	23	1
Silla		ES	60	1
Şemdinli	Semdinli	TR	70	1
Sylvania		US	OH	1
Sulya		IN	19	1
Sélestat	Selestat	FR	44	1
Sarayköy	Saraykoy	TR	20	1
Schagen		NL	07	1
São João da Talha	Sao Joao da Talha	PT	14	1
Shimokizukuri		JP	03	1
Sand Springs		US	OK	1
Skhodnya		RU	47	1
Shāhpur	Shahpur	IN	36	1
Sierpc		PL	78	1
Sant'Antonio Abate		IT	04	1
South Elmsall		GB	ENG	1
Syosset		US	NY	1
San Mateo Otzacatipan		MX	17	1
San Buenaventura		MX	07	1
Slyudyanka		RU	20	1
São Miguel do Araguaia	Sao Miguel do Araguaia	BR	29	1
Sombrerete		MX	32	1
Staroshcherbinovskaya		RU	38	1
Santa María Totoltepec	Santa Maria Totoltepec	MX	15	1
Svatove		UA	14	1
Shushenskoye		RU	91	1
Sonepur		IN	21	1
Sunchales		AR	21	1
Skara		SE	28	1
San Marcelino		PH	03	1
Sarstedt		DE	06	1
Schwalbach		DE	09	1
Sâmraông	Samraong	KH	27	1
Shpola		UA	01	1
Srirāmpur	Srirampur	IN	28	1
Sorgues		FR	93	1
Sinmak		KP	07	1
San Mariano		PH	11	1
Shushi		AZ	55	1
Steubenville		US	OH	1
San Andrés Itzapa	San Andres Itzapa	GT	03	1
Siavonga		ZM	07	1
Stroitel’	Stroitel'	RU	09	1
Samrāla	Samrala	IN	23	1
São Marcos	Sao Marcos	BR	23	1
Seynod		FR	84	1
Szamotuły	Szamotuly	PL	86	1
San Miguel		PH	03	1
Santa Iria da Azóia	Santa Iria da Azoia	PT	14	1
Schramberg		DE	01	1
San Francisco		PH	13	1
Starodub		RU	10	1
Schwarzenberg		DE	13	1
Sugar Hill		US	GA	1
San Mauro Torinese		IT	12	1
San Bartolomé	San Bartolome	ES	53	1
Southsea		GB	ENG	1
Surfers Paradise		AU	04	1
Shumikha		RU	40	1
Santa Gertrudes		BR	27	1
Schkeuditz		DE	13	1
Saco		US	ME	1
Sant Quirze del Vallès	Sant Quirze del Valles	ES	56	1
Sélibaby	Selibaby	MR	10	1
Santo Amaro da Imperatriz		BR	26	1
Sulejówek	Sulejowek	PL	78	1
Santa Elena		AR	08	1
Santa Cruz del Norte		CU	MA	1
Sanaur		IN	23	1
Shenandoah		US	LA	1
Saraipali		IN	37	1
Simão Dias	Simao Dias	BR	28	1
Santiago Ixcuintla		MX	18	1
Sulzbach		DE	09	1
Shibushi		JP	18	1
Saladas		AR	06	1
Sherrelwood		US	CO	1
Sagua de Tánamo	Sagua de Tanamo	CU	12	1
Saint-Avold		FR	44	1
São Domingos do Maranhão	Sao Domingos do Maranhao	BR	13	1
San Martín de la Vega	San Martin de la Vega	ES	29	1
Saint-Omer		FR	32	1
Snellville		US	GA	1
Sokołów Podlaski	Sokolow Podlaski	PL	78	1
Simpsonville		US	SC	1
Siquirres		CR	06	1
Stillwater		US	MN	1
Студеничани	Studenichani	MK	A2	1
São José do Egito	Sao Jose do Egito	BR	30	1
Soure		BR	16	1
Sherwood		US	OR	1
Sestu		IT	14	1
Sertânia	Sertania	BR	30	1
San Benito Abad		CO	27	1
Szarvas		HU	03	1
Sel’tso	Sel'tso	RU	10	1
Somerset		US	MA	1
Santo Antônio de Posse	Santo Antonio de Posse	BR	27	1
Salamina		CO	37	1
South Ockendon		GB	ENG	1
Sulechów	Sulechow	PL	76	1
Sátoraljaújhely	Satoraljaujhely	HU	04	1
Someren		NL	06	1
Sandbach		GB	ENG	1
Sakchu-ŭp	Sakchu-up	KP	11	1
Sint-Genesius-Rode		BE	VLG	1
Sompeta		IN	02	1
San Lucas Sacatepéquez	San Lucas Sacatepequez	GT	16	1
Susanville		US	CA	1
Shoreham		GB	ENG	1
Samdari		IN	24	1
Saulgau		DE	01	1
South Burlington		US	VT	1
San Lorenzo de El Escorial		ES	29	1
Sinzig		DE	08	1
Sovetsk		RU	33	1
Sarwār	Sarwar	IN	24	1
Sarāi Mīr	Sarai Mir	IN	36	1
Saint-Amand-les-Eaux		FR	32	1
Singarāyakonda	Singarayakonda	IN	02	1
Saint Kilda		AU	07	1
Saratoga Springs		US	UT	1
Sa‘īr	Sa`ir	PS	WE	1
San Pa Tong		TH	02	1
Spruce Grove		CA	01	1
Saýat	Sayat	TM	04	1
Seydi		TM	05	1
Socorro		CO	26	1
Santuario		CO	02	1
Sacavém	Sacavem	PT	14	1
Schmalkalden		DE	15	1
Stafford		US	TX	1
Sin-le-Noble		FR	32	1
Svobody		RU	70	1
Sint-Gillis-Waas		BE	VLG	1
Spennymoor		GB	ENG	1
South Hadley		US	MA	1
San Rafael		CR	01	1
Santiago Momoxpan		MX	21	1
San Vito dei Normanni		IT	13	1
Salaspils		LV	C3	1
Schmelz		DE	09	1
Słubice	Slubice	PL	76	1
Százhalombatta	Szazhalombatta	HU	16	1
Salonta		RO	05	1
Saint-Jean-de-la-Ruelle		FR	24	1
Sycamore		US	IL	1
Sigli		ID	01	1
Seymour		US	IN	1
Saint Matthews		US	KY	1
Same		TZ	06	1
Schiffweiler		DE	09	1
Skvyra		UA	13	1
Sheridan		US	WY	1
Sarāi Ākil	Sarai Akil	IN	36	1
Soisy-sous-Montmorency		FR	11	1
Svitavy		CZ	86	1
Saraktash		RU	55	1
Springboro		US	OH	1
San Giovanni in Fiore		IT	03	1
San Bonifacio		IT	20	1
Sudbury		US	MA	1
Saint-Cyr-sur-Loire		FR	24	1
Sanxenxo		ES	58	1
South Orange		US	NJ	1
Stabroek		BE	VLG	1
Seabrook		US	MD	1
Saint-Augustin-de-Desmaures		CA	10	1
Sardulgarh		IN	23	1
Suvorovskaya		RU	70	1
Schlüchtern	Schluechtern	DE	05	1
Srīperumbūdūr	Sriperumbudur	IN	25	1
Sabak Bernam		MY	12	1
São Bento	Sao Bento	BR	13	1
Seminole		US	FL	1
Santo Anastácio	Santo Anastacio	BR	27	1
Sonsón	Sonson	CO	02	1
Santa Maria		CV	08	1
Sitangkai		PH	14	1
Santa Quitéria do Maranhão	Santa Quiteria do Maranhao	BR	13	1
Serinhisar		TR	20	1
Scarsdale		US	NY	1
Sake		CD	11	1
Steenwijk		NL	15	1
Selb		DE	02	1
Stephenville		US	TX	1
San Salvo		IT	01	1
St. Marys		US	GA	1
Santa Rosa Jauregui		MX	22	1
Santa Cruz de la Palma		ES	53	1
Sevan		AM	04	1
Shurugwi		ZW	02	1
Skegness		GB	ENG	1
São Jerônimo	Sao Jeronimo	BR	23	1
Solânea	Solanea	BR	17	1
Saint-Lazare		CA	10	1
São Pedro da Cova	Sao Pedro da Cova	PT	17	1
Strzegom		PL	72	1
San Fernando de Monte Cristi		DO	15	1
Scarborough		TT	11	1
Sadabe		MG	7670856	1
San Diego		CR	02	1
Stekene		BE	VLG	1
Shafter		US	CA	1
South Houston		US	TX	1
Sacramento		BR	15	1
Saint-Joseph		MQ	MQ	1
San Antonio Oeste		AR	16	1
Sestri Levante		IT	08	1
Sint-Oedenrode		NL	06	1
San Miniato		IT	16	1
Silva Jardim		BR	21	1
Safety Harbor		US	FL	1
Sidrolândia	Sidrolandia	BR	11	1
San Jorge		AR	21	1
Sant Celoni		ES	56	1
Sibanicú	Sibanicu	CU	05	1
Sayville		US	NY	1
Stockach		DE	01	1
Sabana Grande de Boyá	Sabana Grande de Boya	DO	32	1
Sunnybank Hills		AU	04	1
Sawang Daen Din		TH	20	1
San Carlos Park		US	FL	1
Saoula		DZ	55	1
San Ignacio		BZ	02	1
Savigliano		IT	12	1
Schneeberg		DE	13	1
Sivagiri		IN	25	1
Seabra		BR	05	1
Santa Maria		PH	11	1
Serinyol		TR	31	1
Sunshine West		AU	07	1
Santo Antônio do Amparo	Santo Antonio do Amparo	BR	15	1
Sallanches		FR	84	1
San José Iturbide	San Jose Iturbide	MX	11	1
Sillamäe	Sillamaee	EE	03	1
Scordia		IT	15	1
Sacile		IT	06	1
Shirhatti		IN	19	1
San Juan Bautista		PY	12	1
Sigmaringen		DE	01	1
San Felice A Cancello		IT	04	1
Suzzara		IT	09	1
Severo-Zadonsk		RU	76	1
Seymour		US	CT	1
Stockelsdorf		DE	10	1
Sālūmbar	Salumbar	IN	24	1
Savanna-la-Mar		JM	16	1
South Ogden		US	UT	1
Segbwema		SL	01	1
Swansea		US	MA	1
Senador Pompeu		BR	06	1
Svalyava		UA	25	1
Seka		TH	81	1
Saint Peter Port		GG	6417228	1
São Félix do Xingu	Sao Felix do Xingu	BR	16	1
Sunnybank		AU	04	1
Springfield		US	TN	1
Santa Lucía	Santa Lucia	UY	02	1
Saint Pierre		MU	15	1
Saint Michael		US	MN	1
South Grafton		AU	02	1
Seeheim-Jugenheim		DE	05	1
Sunset		US	FL	1
Sabaneta		DO	26	1
Schofield Barracks		US	HI	1
Saint-Cyr-l’École	Saint-Cyr-l'Ecole	FR	11	1
Spittal an der Drau		AT	02	1
Sultanpur		IN	23	1
Sikeston		US	MO	1
Sancoale		IN	33	1
San Martín	San Martin	CO	19	1
Secaucus		US	NJ	1
San Pedro de Lloc		PE	13	1
São Joaquim	Sao Joaquim	BR	26	1
Saran		FR	24	1
Spárti	Sparti	GR	ESYE25	1
San Mateo		PH	02	1
Seseña	Sesena	ES	54	1
Santa Fe Springs		US	CA	1
Stara Pazova		RS	VO	1
Surkhakhi		RU	19	1
Sainte-Catherine		CA	10	1
Salmon Arm		CA	02	1
Sudley		US	VA	1
Stanley		GB	ENG	1
Stadt Winterthur (Kreis 1)		CH	ZH	1
San Miguel De Abona		ES	53	1
Shahr Sultān	Shahr Sultan	PK	04	1
Shilovo		RU	62	1
San Salvador Atenco		MX	15	1
Selby		GB	ENG	1
Somerset East		ZA	05	1
San Francisco		SV	08	1
Schrobenhausen		DE	02	1
Staszów	Staszow	PL	84	1
Saalfelden am Steinernen Meer		AT	05	1
San Vicente		PH	03	1
Scicli		IT	15	1
Sukhinichi		RU	25	1
San Pedro Madera		MX	06	1
Świdwin	Swidwin	PL	87	1
Saint-Leu-la-Forêt	Saint-Leu-la-Foret	FR	11	1
Sezze		IT	07	1
Shāhi	Shahi	IN	36	1
Siuna		NI	17	1
Saint-Fons		FR	84	1
Santa Helena		BR	13	1
Seaford		AU	07	1
Streetsboro		US	OH	1
South River		US	NJ	1
Saint-Avertin		FR	24	1
San Giovanni Valdarno		IT	16	1
Sarigerme		TR	48	1
Stará Ľubovňa	Stara L'ubovna	SK	05	1
Sint-Kruis		BE	VLG	1
San Rafael Tlanalapan		MX	21	1
Sodhra		PK	04	1
Sinjhoro		PK	05	1
Sangre Grande		TT	SGE	1
Shahrak		AF	09	1
Solin		HR	15	1
Southchase		US	FL	1
Senirkent		TR	33	1
Saint-Égrève	Saint-Egreve	FR	84	1
Sava		IT	13	1
Satuba		BR	02	1
Sartell		US	MN	1
Sunnyside		US	WA	1
Shāhpur	Shahpur	IN	34	1
Sanarate		GT	05	1
Sunel		IN	24	1
Sisauli		IN	36	1
Sagalo		ML	03	1
San Clemente		PE	11	1
Sannicandro Garganico		IT	13	1
Sant Just Desvern		ES	56	1
Sinnai		IT	14	1
San Giovanni in Persiceto		IT	05	1
Staphorst		NL	15	1
Santa Lucía	Santa Lucia	CO	04	1
Salsomaggiore Terme		IT	05	1
Sierre		CH	VS	1
Svetogorsk		RU	42	1
Swanscombe		GB	ENG	1
Şimleu Silvaniei	Simleu Silvaniei	RO	31	1
Soba		NG	23	1
Schwechat		AT	03	1
Shchuchin		BY	03	1
Sinanju		KP	15	1
Santiago Tuxtla		MX	30	1
Srivaikuntam		IN	25	1
Saubara		BR	05	1
Siderno		IT	03	1
Simmerath		DE	07	1
San Narciso		PH	03	1
Sim		RU	13	1
Sarāi Sidhu	Sarai Sidhu	PK	04	1
Santiago Tulantepec		MX	13	1
Spenge		DE	07	1
Shorewood		US	IL	1
San Javier		AR	21	1
Saint-Basile-le-Grand		CA	10	1
Stuart		US	FL	1
Sleaford		GB	ENG	1
Sulūq	Suluq	LY	69	1
Santiago del Torno		BO	08	1
Satipo		PE	12	1
Santa María de Jesús	Santa Maria de Jesus	GT	16	1
Sant Carles de la Ràpita	Sant Carles de la Rapita	ES	56	1
Schroeder		BR	26	1
Shushary		RU	66	1
Stowbtsy		BY	05	1
Strunino		RU	83	1
Setauket-East Setauket		US	NY	1
San Juan de Dios		CR	08	1
San Sebastián el Grande	San Sebastian el Grande	MX	14	1
Sulphur Springs		US	TX	1
Sonzacate		SV	13	1
Santa Barbara		PH	01	1
Saint Andrews		GB	SCT	1
Seen (Kreis 3)		CH	ZH	1
São Miguel do Iguaçu	Sao Miguel do Iguacu	BR	18	1
Santafé	Santafe	ES	51	1
Siemiatycze		PL	81	1
Santa Cruz		PH	03	1
Stowmarket		GB	ENG	1
San Felipe		MX	02	1
Somotillo		NI	03	1
Sang-e Chārak	Sang-e Charak	AF	33	1
Sāyla	Sayla	IN	09	1
Sterling		US	IL	1
Suzun		RU	53	1
Slobozia		MD	58	1
Suwanee		US	GA	1
Siaya		KE	46	1
Shambu		ET	51	1
San Luis del Palmar		AR	06	1
Storrs		US	CT	1
Sárvár	Sarvar	HU	22	1
Straelen		DE	07	1
Santomera		ES	31	1
Solhan		TR	12	1
São José de Mipibu	Sao Jose de Mipibu	BR	22	1
Seaford		US	NY	1
Sucre		EC	14	1
Saint-Pierre-des-Corps		FR	24	1
Srīvardhan	Srivardhan	IN	16	1
San Salvador El Seco		MX	21	1
Saint Neots		GB	ENG	1
Sofrino		RU	47	1
Shively		US	KY	1
Soumagne		BE	WAL	1
São Gabriel da Cachoeira	Sao Gabriel da Cachoeira	BR	04	1
Saint-Maximin-la-Sainte-Baume		FR	93	1
Samobor		HR	20	1
South Yuba City		US	CA	1
Safi		JO	09	1
Steffisburg		CH	BE	1
Suifenhe		CN	08	1
Sarandi		BR	23	1
Sarandë	Sarande	AL	51	1
Seven Oaks		US	SC	1
Sarykemer		KZ	17	1
Sukuta		GM	05	1
Solec Kujawski		PL	73	1
Santa Bárbara	Santa Barbara	HN	16	1
Sorada		IN	21	1
San Gabriel		EC	05	1
Santa Cecília	Santa Cecilia	BR	26	1
Slaný	Slany	CZ	88	1
Sakassou		CI	90	1
Spanish Springs		US	NV	1
Spitak		AM	06	1
San Rafael Arriba		CR	08	1
Scottsbluff		US	NE	1
Siloam Springs		US	AR	1
Santiago de María	Santiago de Maria	SV	14	1
Suluktu		KG	09	1
Skalica		SK	07	1