Karachi		PK	05	774
Kinshasa		CD	06	519
Kolkata		IN	28	308
Kunming		CN	29	257
Kano		NG	29	241
Kabul		AF	13	202
Kanpur		IN	36	188
Kiev		UA	12	186
Kowloon		HK	KKC	134
Khartoum		SD	29	131
Kaduna		NG	23	105
Kobe		JP	13	101
Kaohsiung		TW	02	101
Kumasi		GH	02	97
Kota Bharu		MY	03	97
Kyoto		JP	22	97
Kuala Lumpur		MY	14	96
Karaj		IR	44	96
Kathmandu		NP	CR	96
Kharkiv		UA	07	95
Kampala		UG	C	90
Khulna		BD	82	89
Kawasaki		JP	19	87
Kalyān	Kalyan	IN	16	84
Kazan		RU	73	73
Kitakyushu		JP	07	66
Köln	Koeln	DE	07	64
Kingston		JM	17	62
Krasnoyarsk		RU	91	61
Kaifeng		CN	09	60
Klang		MY	12	58
Konya		TR	71	58
Kampung Baru Subang		MY	12	55
Kahrīz	Kahriz	IR	13	51
Kota		IN	24	50
Kraków	Krakow	PL	77	50
Kigali		RW	12	49
Kumamoto		JP	21	45
Kryvyi Rih		UA	04	43
Krasnodar		RU	38	43
Kotli		PK	06	42
Kermānshāh	Kermanshah	IR	13	41
Kirkuk		IQ	13	40
Kayseri		TR	38	39
Khabarovsk		RU	30	38
Khabarovsk Vtoroy		RU	30	38
Kerman		IR	29	38
Kuching		MY	11	38
Kagoshima		JP	18	37
Kisangani		CD	09	35
Kolhāpur	Kolhapur	IN	16	34
Karol Bāgh	Karol Bagh	IN	07	33
Kalininskiy		RU	42	33
Kemerovo		RU	29	31
Kawaguchi		JP	34	31
Kananga		CD	03	30
Kansas City		US	MO	30
Kanazawa		JP	15	30
Karabağlar	Karabaglar	TR	35	30
Kirov		RU	33	30
Kota Kinabalu		MY	16	30
Karagandy		KZ	12	30
Kozhikode		IN	13	29
Kurashiki		JP	31	29
Kousséri	Kousseri	CM	12	29
Kaliningrad		RU	23	28
Karbala		IQ	12	28
Katsina		NG	24	28
Korba		IN	37	27
Kolwezi		CD	05	27
Kursk		RU	41	27
Kassala		SD	52	26
Kitwe		ZM	08	26
Khmel’nyts’kyy	Khmel'nyts'kyy	UA	09	26
Keelung		TW	04	26
Kollam		IN	13	26
Kandahār	Kandahar	AF	23	26
Khamis Mushait		SA	11	25
Krugersdorp		ZA	06	25
Kahramanmaraş	Kahramanmaras	TR	46	25
Kaunas		LT	57	24
Kenitra		MA	52	24
Kuantan		MY	06	24
Kwangmyŏng	Kwangmyong	KR	13	23
Kimhae		KR	20	23
Kosti		SD	41	23
Kurgan		RU	40	22
Kūkatpalli	Kukatpalli	IN	40	22
Kōriyama	Koriyama	JP	08	22
Kashiwa		JP	04	22
Kaluga		RU	25	22
Kaesŏng	Kaesong	KP	06	22
Kawagoe		JP	34	22
Krasnogvargeisky		RU	66	22
Kochi		JP	20	22
Kāmārhāti	Kamarhati	IN	28	22
Khorramshahr		IR	15	22
Khorramabad		IR	23	21
Kherson		UA	08	21
Koshigaya		JP	34	21
Katowice		PL	83	21
Kulti		IN	28	20
Kyzyl-Orda		KZ	14	20
Kyzylorda		KZ	14	20
Kasugai		JP	01	19
Kākināda	Kakinada	IN	02	19
Kasūr	Kasur	PK	04	19
Kuala Terengganu		MY	13	19
Karlsruhe		DE	01	18
Kupang		ID	18	18
Kostroma		RU	37	18
Khomeynī Shahr	Khomeyni Shahr	IR	28	18
Komsomolsk-on-Amur		RU	30	18
Kashgar		CN	13	18
Kāshān	Kashan	IR	28	18
Kakogawachō-honmachi	Kakogawacho-honmachi	JP	13	18
Kafr ad Dawwār	Kafr ad Dawwar	EG	03	17
Kirovohrad		UA	10	16
Kunsan		KR	03	16
Kurume		JP	07	15
Krefeld		DE	07	15
Košice	Kosice	SK	03	15
Kediri		ID	08	15
Kismayo		SO	09	15
Kitchener		CA	08	15
Kiel		DE	10	15
Karīmnagar	Karimnagar	IN	40	15
Kremenchuk		UA	18	15
Karnāl	Karnal	IN	10	15
Kharagpur		IN	28	14
Kisumu		KE	26	14
Kırıkkale	Kirikkale	TR	79	14
Kostanay		KZ	13	14
Kanggye-si		KP	01	13
Kielce		PL	84	13
Kasukabe		JP	34	13
Kishiwada		JP	32	13
Kamoke		PK	04	13
Kaiyuan		CN	29	13
Kure		JP	11	13
Kendari		ID	22	13
Kassel		DE	05	12
Katihar		IN	34	12
Klaipėda	Klaipeda	LT	58	12
Kōfu	Kofu	JP	46	12
Kabwe		ZM	02	12
Kultali		IN	28	12
Kikwit		CD	01	12
Kütahya	Kutahya	TR	43	12
Kushiro		JP	12	12
Khandwa		IN	35	12
Kamensk-Ural’skiy	Kamensk-Ural'skiy	RU	71	12
Kang-neung		KR	06	12
Korla		CN	13	11
Klerksdorp		ZA	10	11
Knoxville		US	TN	11
Kamirenjaku		JP	40	11
Kutaisi		GE	66	11
Khvoy		IR	01	11
Kramators’k	Kramators'k	UA	05	11
Khān Yūnis	Khan Yunis	PS	GZ	11
Kaolack		SN	10	11
Kulim		MY	02	11
Khammam		IN	40	11
Kluang		MY	01	11
Khouribga		MA	50	11
Korhogo		CI	87	11
Kamakura		JP	19	11
Khobar		SA	06	11
Kigoma		TZ	05	10
Kunduz		AF	24	10
Kawanishi		JP	13	10
Khoroshëvo-Mnevniki	Khoroshevo-Mnevniki	RU	47	10
Katsuta		JP	14	10
Kumagaya		JP	34	10
Kisi		NG	32	10
Kyonju		KR	14	10
Kānchipuram	Kanchipuram	IN	25	10
Kovrov		RU	83	10
Kerch		UA	11	10
Kohāt	Kohat	PK	03	10
Komaki		JP	01	10
Kızıltepe	Kiziltepe	TR	72	10
Kolomna		RU	47	9
Khon Kaen		TH	22	9
Kragujevac		RS	SE	9
Kalemie		CD	05	9
Krishnanagar		IN	28	9
Kansas City		US	KS	9
Kampung Pasir Gudang Baru		MY	01	9
Khŭjand	Khujand	TJ	03	9
Kumba		CM	09	9
Kafr ash Shaykh		EG	21	9
Kenema		SL	01	9
Kuz’minki	Kuz'minki	RU	48	9
Khimki		RU	48	9
Khānpur	Khanpur	PK	04	9
Kimberley		ZA	08	9
Kampung Sungai Ara		MY	09	9
Kaithal		IN	10	9
Korolev		RU	47	9
Kumbakonam		IN	25	9
Kariya		JP	01	9
Kolpino		RU	66	9
Kānchrāpāra	Kanchrapara	IN	28	9
Kabankalan		PH	06	9
Kushtia		BD	82	9
Kindu		CD	10	9
Kislovodsk		RU	70	8
Kakamigahara		JP	09	8
Kishangarh		IN	24	8
Kadoma		JP	32	8
Kisaran		ID	26	8
Kamyshin		RU	84	8
Khardah		IN	28	8
Killeen		US	TX	8
Kusatsu		JP	35	8
Klaten		ID	07	8
Khasavyurt		RU	17	8
Kolār	Kolar	IN	19	8
Koronadal		PH	12	8
Kelowna		CA	02	8
Khairpur		PK	05	8
Kashihara-shi		JP	28	8
Kokshetau		KZ	03	8
Kisarazu		JP	04	8
Karaman		TR	78	8
Kairouan		TN	03	7
Kokubunji		JP	40	7
Khlong Luang		TH	39	7
Kedungwuni		ID	07	7
Khanna		IN	23	7
Kindia		GN	D	7
Khenchela		DZ	47	7
Kingston		CA	08	7
Kankan		GN	K	7
Kitami		JP	12	7
Kaiyuan		CN	19	7
Kamālia	Kamalia	PK	04	7
Kandy		LK	29	7
Kiryū	Kiryu	JP	10	7
Kresek		ID	30	7
Kufa		IQ	17	7
Kecskemét	Kecskemet	HU	01	7
Kandi		BJ	07	7
Komatsu		JP	15	7
Kalisz		PL	86	7
Ksar El Kebir		MA	57	7
Katumba		TZ	09	7
Kyzyl		RU	79	7
Kunshan		CN	04	7
Koszalin		PL	87	7
Koblenz		DE	08	7
Khemisset		MA	49	7
Khurja		IN	36	7
Kot Addu		PK	04	6
Kara		TG	23	6
Kiselëvsk	Kiselevsk	RU	29	6
Kroonstad		ZA	03	6
Kashipur		IN	39	6
Khushāb	Khushab	PK	04	6
Kansk		RU	91	6
Kallithéa	Kallithea	GR	ESYE31	6
Kōnan	Konan	JP	01	6
Kūhdasht	Kuhdasht	IR	23	6
Kalmunai		LK	37	6
Kamieniec Podolski		UA	09	6
Kangding		CN	32	6
Kāsganj	Kasganj	IN	36	6
Koutiala		ML	06	6
Kenosha		US	WI	6
Kwekwe		ZW	02	6
Kontagora		NG	31	6
Kaiserslautern		DE	08	6
Karabük	Karabuk	TR	89	6
Kuje		NG	11	6
Kameoka		JP	22	6
Koforidua		GH	05	6
Kāshmar	Kashmar	IR	42	6
Khōst	Khost	AF	37	6
Kutloanong		ZA	03	6
Khargone		IN	35	6
Kanuma		JP	38	6
Kishanganj		IN	34	6
Khāmgaon	Khamgaon	IN	16	6
Kāzerūn	Kazerun	IR	07	6
Kırşehir	Kirsehir	TR	40	6
Kitakami		JP	16	6
Kombolcha		ET	46	6
Kalyani		IN	28	6
Kineshma		RU	21	6
Krasnogorsk		RU	47	6
Kapūrthala	Kapurthala	IN	23	6
Kaizuka		JP	32	6
Kent		US	WA	6
Kudus		ID	07	6
Kimitsu		JP	04	6
Kohima		IN	20	6
Kāraikkudi	Karaikkudi	IN	25	6
Kilosa		TZ	10	6
Konotop		UA	21	6
Kalamariá	Kalamaria	GR	ESYE12	6
Kostyantynivka		UA	05	6
Kasama		ZM	05	6
Kishorganj		BD	81	6
Klagenfurt am Wörthersee	Klagenfurt am Woerthersee	AT	02	6
Körfez	Korfez	TR	41	6
Kuznetsk		RU	57	6
Kovilpatti		IN	25	6
Kirovo-Chepetsk		RU	33	6
Krasnyy Luch		UA	14	6
Kwangyang		KR	16	5
Kuopio		FI	11	5
Kartasura		ID	07	5
Kōnosu	Konosu	JP	34	5
Kandhkot		PK	05	5
Klangenan		ID	30	5
Kozan		TR	81	5
Koidu		SL	01	5
Kadugli		SD	50	5
Koudougou		BF	06	5
Kasihan		ID	10	5
Kāmthi	Kamthi	IN	16	5
Kashiwazaki		JP	29	5
Keffi		NG	56	5
Katunayaka		LK	36	5
Komendantsky aerodrom		RU	66	5
Kakegawa		JP	37	5
Kāvali	Kavali	IN	02	5
Katori-shi		JP	04	5
Kamigyō-ku	Kamigyo-ku	JP	22	5
Kraljevo		RS	SE	5
Kanoya		JP	18	5
Kilis		TR	90	5
Kasserine		TN	02	5
Kaspiysk		RU	17	5
Kadiri		IN	02	5
Khāriān	Kharian	PK	04	5
Khambhāt	Khambhat	IN	09	5
Konstanz		DE	01	5
Konin		PL	86	5
Klin		RU	47	5
Kfar Saba		IL	02	5
Kotkapura		IN	23	5
Kairāna	Kairana	IN	36	5
Kedungwaru		ID	08	5
Kāraikāl	Karaikal	IN	22	5
Kidapawan		PH	12	5
Kropotkin		RU	38	5
Kafanchan		NG	23	5
Kottagūdem	Kottagudem	IN	40	5
Kadoma		ZW	05	5
Kashihara		JP	32	5
Kŭlob	Kulob	TJ	02	5
Koch Bihār	Koch Bihar	IN	28	5
Kātoya	Katoya	IN	28	5
Kayes		ML	03	5
Karatsu		JP	33	5
Kadayanallur		IN	25	5
Keningau		MY	16	5
Kars		TR	84	5
Kambar		PK	05	5
Khomeyn		IR	34	5
Kanasín	Kanasin	MX	31	5
Ksar el Boukhari		DZ	06	5
Keratsíni	Keratsini	GR	ESYE31	5
Kagoro		NG	23	5
Karur		IN	25	5
Kundla		IN	09	5
Kannauj		IN	36	5
Kumanovo		MK	D7	5
Konnagar		IN	28	5
Kebomas		ID	08	5
Khemis Miliana		DZ	35	5
Karangsembung		ID	30	5
Kamensk-Shakhtinskiy		RU	61	5
Khadki		IN	16	5
Kendall		US	FL	5
Kruševac	Krusevac	RS	SE	5
Kampong Chhnang		KH	03	5
Kitale		KE	50	5
Kpalimé	Kpalime	TG	25	5
Keren		ER	01	4
Kalamazoo		US	MI	4
Khalándrion	Khalandrion	GR	ESYE31	4
Kennewick		US	WA	4
Khenifra		MA	48	4
Kortrijk		BE	VLG	4
Kafr az Zayyāt	Kafr az Zayyat	EG	05	4
Karauli		IN	24	4
Kamina		CD	05	4
Kukichūō	Kukichuo	JP	34	4
Kawit		PH	40	4
Kâhta	Kahta	TR	02	4
Koch'ang		KR	03	4
Krathum Baen		TH	55	4
Kotri		PK	05	4
Kyosai		KR	20	4
Kuningan		ID	30	4
Khanabad		AF	24	4
Khanjarah		TR	82	4
Kazo		JP	34	4
Kāmāreddi	Kamareddi	IN	40	4
Kuandian		CN	19	4
Kopeysk		RU	13	4
Kurortnyy		RU	42	4
Kastamonu		TR	37	4
Kadirli		TR	81	4
Karakol		KG	07	4
Khāliş	Khalis	IQ	10	4
Kladno		CZ	88	4
Kohror Pakka		PK	04	4
Kaura Namoda		NG	57	4
Khāsh	Khash	IR	04	4
Kot Malik Barkhurdār	Kot Malik Barkhurdar	PK	02	4
Kampong Baharu Balakong		MY	12	4
Kamloops		CA	02	4
Knysna		ZA	11	4
Keshod		IN	09	4
Kānnangād	Kannangad	IN	13	4
Krasnoarmiys’k	Krasnoarmiys'k	UA	05	4
Kuqa		CN	13	4
Khanty-Mansiysk		RU	32	4
Kaposvár	Kaposvar	HU	17	4
Kalush		UA	06	4
Kasese		UG	W	4
Kstovo		RU	51	4
Kenner		US	LA	4
Kalulushi		ZM	08	4
Krishnagiri		IN	25	4
Kovel’	Kovel'	UA	24	4
Kungur		RU	90	4
Klintsy		RU	10	4
Kashima-shi		JP	14	4
Kędzierzyn-Koźle	Kedzierzyn-Kozle	PL	79	4
Kumertau		RU	08	4
Kopargaon		IN	16	4
Kunyang		CN	02	4
Korosten’	Korosten'	UA	27	4
Khulm		AF	30	4
Kingswood		GB	ENG	4
Kāranja	Karanja	IN	16	4
Khatauli		IN	36	4
Kotikawatta		LK	36	4
Khopoli		IN	16	4
Karwar		IN	19	4
Kaihua		CN	29	4
Kerpen		DE	07	4
Kāyankulam	Kayankulam	IN	13	4
Khartsyz’k	Khartsyz'k	UA	05	4
Kotlovka		RU	48	4
Kunnamkulam		IN	13	4
Kangar		MY	08	4
Kristiansand		NO	19	4
Kulai		MY	01	4
Kanchanaburi		TH	50	4
Karviná	Karvina	CZ	85	4
Kilju		KP	17	4
Korydallós	Korydallos	GR	ESYE31	4
Kakamega		KE	20	4
Kuşadası	Kusadasi	TR	09	4
Kalamassery		IN	13	4
Kara-Balta		KG	02	4
Kogon		UZ	02	4
Krasnotur’insk	Krasnotur'insk	RU	71	4
Kaitong		CN	05	4
Kosong		KR	06	4
Kitahiroshima		JP	12	4
Kipushi		CD	05	4
Kolomyya		UA	06	4
Kampong Cham		KH	02	4
Kāmyārān	Kamyaran	IR	16	4
Kamsar		GN	B	4
Kempten (Allgäu)	Kempten (Allgaeu)	DE	02	4
Kuroiso		JP	38	4
Kırıkhan	Kirikhan	TR	31	4
Koppal		IN	19	4
Kabīrwāla	Kabirwala	PK	04	4
Kertosono		ID	08	4
Koratla		IN	40	4
Kīratpur	Kiratpur	IN	36	4
Kousa		EG	23	4
Köpenick	Kopenick Bezirk	DE	16	4
Kuwait City		KW	02	4
Koga		JP	07	4
Kawm Umbū	Kawm Umbu	EG	16	3
Kissimmee		US	FL	3
Koson		UZ	08	3
Katiola		CI	90	3
Kottayam		IN	13	3
Kattaqo’rg’on	Kattaqo'rg'on	UZ	10	3
Karlstad		SE	22	3
Kotlas		RU	06	3
Kodār	Kodar	IN	40	3
Kabinda		CD	04	3
Kolda		SN	11	3
Kamphaeng Phet		TH	11	3
Kayes		CG	01	3
Kampong Dungun		MY	07	3
Ksar Chellala		DZ	13	3
Kasaoka		JP	31	3
Korçë	Korce	AL	46	3
Kırklareli	Kirklareli	TR	39	3
Kisela Voda		MK	44	3
Kanbe		MM	17	3
Kolonnawa		LK	36	3
Kadi		IN	09	3
Koga		JP	14	3
Kraaifontein		ZA	11	3
Kokubu-matsuki		JP	18	3
Kogalym		RU	32	3
Krymsk		RU	38	3
Kentau		KZ	10	3
Kātrās	Katras	IN	38	3
Kabanjahe		ID	26	3
Kitgum		UG	N	3
Kalibo (poblacion)		PH	06	3
Kuchāman	Kuchaman	IN	24	3
Kidderminster		GB	ENG	3
Kaga Bandoro		CF	15	3
Kollegāl	Kollegal	IN	19	3
Kirishi		RU	42	3
Kettering		US	OH	3
Kendale Lakes		US	FL	3
Kapenguria		KE	55	3
Kuala Selangor		MY	12	3
Karād	Karad	IN	16	3
Kampung Bukit Baharu		MY	04	3
Klaeng		TH	47	3
Khiwa		UZ	05	3
Kaédi	Kaedi	MR	04	3
Kolding		DK	21	3
Karīmganj	Karimganj	IN	03	3
Kribi		CM	14	3
Klimovsk		RU	47	3
Kazanlŭk	Kazanluk	BG	59	3
Kasongo		CD	10	3
Kalasin		TH	23	3
Kāndi	Kandi	IN	28	3
Kotka		FI	08	3
Krasnokamensk		RU	93	3
Kupchino		RU	66	3
Kalamáta	Kalamata	GR	ESYE25	3
Kavála	Kavala	GR	ESYE11	3
Kumbo		CM	07	3
Kālna	Kalna	IN	28	3
Kandukūr	Kandukur	IN	02	3
Kangāvar	Kangavar	IR	13	3
Kettering		GB	ENG	3
Kāsaragod	Kasaragod	IN	13	3
Kateríni	Katerini	GR	ESYE12	3
Konch		IN	36	3
Kudamatsu		JP	45	3
Kota Tinggi		MY	01	3
Krasnokamsk		RU	90	3
Kosi		IN	36	3
Kyaiklat		MM	03	3
Kamifukuoka		JP	34	3
Kimry		RU	77	3
Kariya		JP	13	3
Kepanjen		ID	08	3
Karlovy Vary		CZ	81	3
Kāliyāganj	Kaliyaganj	IN	28	3
Komsomolsk		UA	18	3
Khagaul		IN	34	3
Khalkhāl	Khalkhal	IR	32	3
Kardzhali		BG	44	3
Kitaibaraki		JP	14	3
Kanakapura		IN	19	3
Kobryn		BY	01	3
Karanganom		ID	07	3
Kingisepp		RU	42	3
Kizlyar		RU	17	3
Kawalu		ID	30	3
Khorramdarreh		IR	36	3
Kavaklı	Kavakli	TR	34	3
Kyaukse		MM	08	3
Khagrachhari		BD	84	3
Konibodom		TJ	03	3
Keighley		GB	ENG	3
Khŭjayli	Khujayli	UZ	09	3
Ko Samui		TH	60	3
Kozeyevo		RU	48	3
Kozhukhovo		RU	47	3
Khagaria		IN	34	3
Kanash		RU	16	3
Kabba		NG	41	3
Kerkrade		NL	05	3
Khemis el Khechna		DZ	40	3
Katoro		TZ	28	3
Keskin		TR	79	3
Karapınar	Karapinar	TR	71	3
Krasnodon		UA	14	3
Kizhake Chālakudi	Kizhake Chalakudi	IN	13	3
Kleve		DE	07	3
Kampen		NL	15	3
Khān Shaykhūn	Khan Shaykhun	SY	12	3
Kirkland		US	WA	3
Kolokani		ML	07	3
Kentwood		US	MI	3
Kyaikto		MM	13	3
Kathua		IN	12	3
Kurayoshi		JP	41	3
Kutno		PL	74	3
Kuybyshev		RU	53	3
Kyustendil		BG	45	3
Kingsport		US	TN	3
Karlovac		HR	05	3
Kyaikkami		MM	13	3
Kibuye		RW	14	3
Krosno		PL	80	3
Kurganinsk		RU	38	3
Kafue		ZM	09	3
Kon Tum		VN	55	3
Kifisiá	Kifisia	GR	ESYE31	3
Kintampo		GH	03	3
Kissidougou		GN	F	3
Kulu		TR	71	3
Kirkcaldy		GB	SCT	3
Kerkera		DZ	31	3
Kurchatov		RU	41	3
Kārsiyāng	Karsiyang	IN	28	3
Komoro		JP	26	3
Kibungo		RW	11	3
Kilifi		KE	23	3
Kohtla-Järve	Kohtla-Jaerve	EE	03	3
Kot Rādha Kishan	Kot Radha Kishan	PK	04	3
Kamen		DE	07	3
Kol’chugino	Kol'chugino	RU	83	3
Kāhna	Kahna	PK	04	3
Kharar		IN	23	3
Komotiní	Komotini	GR	ESYE11	3
Kālīganj	Kaliganj	BD	82	3
Kokomo		US	IN	3
Kanevskaya		RU	38	3
Khalīlābād	Khalilabad	IN	36	3
Koysinceq		IQ	11	2
Kimje		KR	03	2
Kapadvanj		IN	09	2
Kanye		BW	10	2
Keşan	Kesan	TR	22	2
Kirtipur		NP	CR	2
Kamen’-na-Obi	Kamen'-na-Obi	RU	04	2
Koesan		KR	05	2
Karmi’el	Karmi'el	IL	03	2
Kołobrzeg	Kolobrzeg	PL	87	2
Kan’onjichō	Kan'onjicho	JP	17	2
Kālpi	Kalpi	IN	36	2
Krasnoye Selo		RU	66	2
Ketanggungan		ID	07	2
Karacabey		TR	16	2
Kasoa		GH	04	2
Krasnyy Sulin		RU	61	2
Kachkanar		RU	71	2
Kendrāparha	Kendraparha	IN	21	2
Kāmra	Kamra	PK	04	2
Kosai-shi		JP	37	2
Kanuru		IN	02	2
Kosonsoy		UZ	06	2
Kotputli		IN	24	2
Kabale		UG	W	2
Kāndhla	Kandhla	IN	36	2
Kainan		JP	43	2
Kélibia	Kelibia	TN	19	2
Krasnoufimsk		RU	71	2
Kamaishi		JP	16	2
Kencong		ID	08	2
Kronshtadt		RU	66	2
Kālimpong	Kalimpong	IN	28	2
Kati		ML	07	2
Kilmarnock		GB	SCT	2
Katabu		ID	22	2
Koryazhma		RU	06	2
Kannapolis		US	NC	2
Komatsushimachō	Komatsushimacho	JP	39	2
Kasungu		MW	C	2
Kelo		TD	14	2
Khurda		IN	21	2
Kaufbeuren		DE	02	2
Khekra		IN	36	2
Kotabumi		ID	15	2
Kyathampalle		IN	40	2
Konakovo		RU	77	2
Kenscoff		HT	11	2
Kapshagay		KZ	01	2
Khairābād	Khairabad	IN	36	2
Kaarst		DE	07	2
Kannad		IN	16	2
Kitob		UZ	08	2
Kikinda		RS	VO	2
Kātol	Katol	IN	16	2
Korenovsk		RU	38	2
Kyshtym		RU	13	2
Kijang		ID	40	2
Konongo		GH	02	2
Kasba Tadla		MA	56	2
Korāput	Koraput	IN	21	2
Königswinter	Koenigswinter	DE	07	2
Kannabechō-yahiro	Kannabecho-yahiro	JP	11	2
Komono		JP	23	2
Kansanshi		ZM	06	2
Kearny		US	NJ	2
Kotovs’k	Kotovs'k	UA	17	2
Kālia	Kalia	BD	82	2
Kallakkurichchi		IN	25	2
Kovvūr	Kovvur	IN	02	2
Kayan		MM	17	2
Kiffa		MR	03	2
Kirchheim unter Teck		DE	01	2
Kashira		RU	47	2
Khairpur		PK	05	2
Korkino		RU	13	2
Kirovs’k	Kirovs'k	UA	14	2
Kuznetsovs’k	Kuznetsovs'k	UA	19	2
Kolomyagi		RU	66	2
Kampong Pangkal Kalong		MY	03	2
Kameyama		JP	23	2
Ksar Hellal		TN	16	2
Kobayashi		JP	25	2
Knurów	Knurow	PL	83	2
Keller		US	TX	2
Karasu		TR	54	2
Kamp-Lintfort		DE	07	2
Kuala Kangsar		MY	07	2
Kirov		RU	25	2
Kaya		BF	05	2
Kirkby		GB	ENG	2
Khalābat	Khalabat	PK	03	2
Kavadarci		MK	D6	2
Kondapalle		IN	02	2
Klebang Besar		MY	04	2
Kailua		US	HI	2
Kuroishi		JP	03	2
Krian		ID	08	2
Kandalaksha		RU	49	2
Kunnamangalam		IN	13	2
Kot Mūmin	Kot Mumin	PK	04	2
Kumhāri	Kumhari	IN	37	2
Khambhāliya	Khambhaliya	IN	09	2
Kamiiso		JP	12	2
Kalutara		LK	36	2
Khirdalan		AZ	01	2
Kapiri Mposhi		ZM	02	2
Karatau		KZ	17	2
Kekri		IN	24	2
Kampung Ayer Keroh		MY	04	2
Kawanoechō	Kawanoecho	JP	05	2
Kulebaki		RU	51	2
Kwidzyn		PL	82	2
Kotamangalam		IN	13	2
Kidatu		TZ	10	2
Kasulu		TZ	05	2
Köniz	Koniz	CH	BE	2
Kalinkavichy		BY	02	2
Kitakata		JP	08	2
Kanekomachi		JP	10	2
Kabare		CD	12	2
Kampene		CD	10	2
Kranj		SI	52	2
Kakhovka		UA	08	2
Kawm Ḩamādah	Kawm Hamadah	EG	03	2
Katsina-Ala		NG	26	2
Kampung Baharu Nilai		MY	05	2
Kambove		CD	05	2
Kampli		IN	19	2
Kantharalak		TH	30	2
Kanie		JP	01	2
Kozáni	Kozani	GR	ESYE13	2
Keizer		US	OR	2
Kempen		DE	07	2
Komárno	Komarno	SK	04	2
Koumra		TD	19	2
Kestel		TR	16	2
Kayalpattinam		IN	25	2
Kendall West		US	FL	2
Kanda		JP	07	2
Kahama		TZ	15	2
Kidodi		TZ	10	2
Kraśnik	Krasnik	PL	75	2
Kericho		KE	21	2
Kearns		US	UT	2
Kumo		NG	55	2
Kakrāla	Kakrala	IN	36	2
Kualakapuas		ID	13	2
Kyŏngsŏng	Kyongsong	KP	17	2
Kovūr	Kovur	IN	02	2
Kaminoyama		JP	44	2
Kokkola		FI	16	2
Kundiān	Kundian	PK	04	2
Kajaani		FI	18	2
Kasimov		RU	62	2
Khurriānwāla	Khurrianwala	PK	04	2
Kawardha		IN	37	2
Korsakov		RU	64	2
Kodaikānāl	Kodaikanal	IN	25	2
Kafr Şaqr	Kafr Saqr	EG	14	2
Kodīnar	Kodinar	IN	09	2
Kichha		IN	39	2
Kathu		TH	62	2
Kalmar		SE	09	2
Kāne‘ohe	Kane'ohe	US	HI	2
Kattivākkam	Kattivakkam	IN	25	2
King's Lynn		GB	ENG	2
Karjat		IN	16	2
Karabulak		RU	19	2
Kondopoga		RU	28	2
Kinel’	Kinel'	RU	65	2
Kunwi		KR	14	2
Kochani		MK	46	2
Katsuren-haebaru		JP	47	2
Kodungallūr	Kodungallur	IN	13	2
Karonga		MW	N	2
Kushva		RU	71	2
Kehl		DE	01	2
Kakata		LR	17	2
Køge	Koge	DK	20	2
Knokke-Heist		BE	VLG	2
Kashmor		PK	05	2
Krasnoznamensk		RU	47	2
Kalāleh	Kalaleh	IR	37	2
Kuala Tungkal		ID	05	2
Kelīshād va Sūdarjān	Kelishad va Sudarjan	IR	28	2
Korba		TN	19	2
Khawr Fakkān	Khawr Fakkan	AE	06	2
Kopāganj	Kopaganj	IN	36	2
Kāman	Kaman	IN	24	2
Kandana		LK	36	2
Kizilyurt		RU	17	2
Korschenbroich		DE	07	2
Kunigal		IN	19	2
Kampong Speu		KH	04	2
Kakuda		JP	24	2
Kosamba		IN	09	2
Kapan		AM	08	2
Koh Kong		KH	08	2
Kirando		TZ	24	2
Kotovsk		RU	72	2
Kadūr	Kadur	IN	19	2
Kirkkonummi		FI	01	2
Kaimganj		IN	36	2
Kardítsa	Karditsa	GR	ESYE14	2
Kameda-honchō	Kameda-honcho	JP	29	2
Kholmsk		RU	64	2
Khewra		PK	04	2
Kuroda		JP	01	2
Königs Wusterhausen	Koenigs Wusterhausen	DE	11	2
Kupjansk		UA	07	2
Ken Caryl		US	CO	2
Kashima		JP	33	2
Kazincbarcika		HU	04	2
Kudat		MY	16	2
Karamsad		IN	09	2
Karlskrona		SE	02	2
Kālka	Kalka	IN	11	2
Kristianstad		SE	27	2
Kumru		TR	52	2
Kamo		JP	29	2
Kurtalan		TR	74	2
Koupéla	Koupela	BF	04	2
Kyzyl-Kyya		KG	09	2
Kėdainiai	Kedainiai	LT	57	2
Kokrajhar		IN	03	2
Kimovsk		RU	76	2
Kongolo		CD	05	2
Karangasem		ID	02	2
Khāchrod	Khachrod	IN	35	2
Kolea		DZ	55	2
Kreuztal		DE	07	2
Kabacan		PH	12	2
Kotma		IN	35	2
Kiskunfélegyháza	Kiskunfelegyhaza	HU	01	2
Kópavogur	Kopavogur	IS	39	2
Khurai		IN	35	2
Kudymkar		RU	90	2
Khunti		IN	38	2
Kangayam		IN	25	2
Kutoarjo		ID	07	2
Kerava		FI	01	2
Karangampel		ID	30	2
Krabi		TH	63	2
Kāramadai	Karamadai	IN	25	2
Kuala Belait		BN	01	2
Kouvola		FI	08	2
Kičevo	Kicevo	MK	43	2
Kalgoorlie		AU	08	2
Kula		TR	45	2
Kwang Binh		VN	62	2
Kornwestheim		DE	01	2
Khairpur		PK	04	2
Kesabpur		BD	82	2
Kusŏng	Kusong	KP	11	2
Kachia		NG	23	2
Khārān	Kharan	PK	02	2
Kaminokawa		JP	38	2
Kearney		US	NE	2
Krasnoperekops’k	Krasnoperekops'k	UA	11	2
Kyela		TZ	09	2
Korem		ET	53	2
Kirzhach		RU	83	2
Karamürsel	Karamursel	TR	41	2
Kostopil’	Kostopil'	UA	19	2
Khovd		MN	12	2
Keelakarai		IN	25	2
Kwinana		AU	08	2
Kakching		IN	17	2
Kemalpaşa	Kemalpasa	TR	35	2
Kaeng Khoi		TH	37	2
Khāngāh Dogrān	Khangah Dogran	PK	04	2
Khairpur Nathan Shāh	Khairpur Nathan Shah	PK	05	2
Kuah		MY	02	2
Kórinthos	Korinthos	GR	ESYE25	2
Khair		IN	36	2
Kibiti		TZ	02	2
Kifrī	Kifri	IQ	10	2
Kombissiri		BF	07	2
Kostomuksha		RU	28	2
Karpinsk		RU	71	2
Kuta		ID	02	2
Köneürgench	Koeneuergench	TM	03	2
Khorugh		TJ	01	2
Kolomenskoye		RU	48	2
Kur’yanovo	Kur'yanovo	RU	47	2
Kuskovo		RU	47	2
Kurye		KR	16	2
Kushchëvskaya	Kushchevskaya	RU	38	1
Kabalo		CD	05	1
Kisesa		TZ	31	1
Kennesaw		US	GA	1
Karakoçan	Karakocan	TR	23	1
Kolín	Kolin	CZ	88	1
Kirovsk		RU	49	1
Kalpetta		IN	13	1
Kapotnya		RU	48	1
Kalavoor		IN	13	1
Kozluk		TR	76	1
Kefamenanu		ID	18	1
Kidsgrove		GB	ENG	1
Kasama		JP	14	1
Kendal		GB	ENG	1
Khed Brahma		IN	09	1
Kiskunhalas		HU	01	1
Kavajë	Kavaje	AL	50	1
Kalyandurg		IN	02	1
Krotoszyn		PL	86	1
Kampong Masjid Tanah		MY	04	1
Kroměříž	Kromeriz	CZ	90	1
Kamogawa		JP	04	1
Kaeng Khro		TH	26	1
Krimpen aan den IJssel		NL	11	1
Krasnoarmeyskaya		RU	38	1
Kokhma		RU	21	1
Kangdong-ŭp	Kangdong-up	KP	12	1
Kent		US	OH	1
Kotagiri		IN	25	1
Kelaniya		LK	36	1
Köthen	Koethen	DE	14	1
Kuvandyk		RU	55	1
Kibondo		TZ	05	1
Kaman		TR	40	1
Karasuk		RU	53	1
Kurunegala		LK	32	1
Kisii		KE	25	1
Kartaly		RU	13	1
Kochubeyevskoye		RU	70	1
Kaffrine		SN	16	1
Kamaterón	Kamateron	GR	ESYE31	1
Kpandu		GH	08	1
Kraksaan		ID	08	1
Krasnyy Lyman		UA	05	1
Kandyagash		KZ	04	1
Kętrzyn	Ketrzyn	PL	85	1
Khmil’nyk	Khmil'nyk	UA	23	1
Kunjāh	Kunjah	PK	04	1
Koynanagar		IN	16	1
Kingman		US	AZ	1
Kevelaer		DE	07	1
Kyle		US	TX	1
Kamyshlov		RU	71	1
Khust		UA	25	1
Kumta		IN	19	1
Kasangulu		CD	08	1
Kłodzko	Klodzko	PL	72	1
Ksour Essaf		TN	15	1
Kolpashevo		RU	75	1
Kibre Mengist		ET	51	1
Kalakkādu	Kalakkadu	IN	25	1
Klungkung		ID	02	1
Kurihashi		JP	34	1
Khashuri		GE	73	1
Kareli		IN	35	1
Kasamwa		TZ	28	1
Krychaw		BY	06	1
Kondagaon		IN	37	1
Kotel’nich	Kotel'nich	RU	33	1
Kulmbach		DE	02	1
Kirkwood		US	MO	1
Kirkby in Ashfield		GB	ENG	1
Kankakee		US	IL	1
Kalach-na-Donu		RU	84	1
Königsbrunn	Konigsbrunn	DE	02	1
Kharagpur		IN	34	1
Kālānwāli	Kalanwali	IN	10	1
Kaysville		US	UT	1
Kayyerkan		RU	91	1
Kalamb		IN	16	1
Krasnoural’sk	Krasnoural'sk	RU	71	1
Kundarkhi		IN	36	1
Katsuyama		JP	06	1
Kırkağaç	Kirkagac	TR	45	1
Kotdwāra	Kotdwara	IN	39	1
Kotovo		RU	84	1
Karlskoga		SE	15	1
Kasba		IN	34	1
Komló	Komlo	HU	02	1
Kulittalai		IN	25	1
Kelkheim (Taunus)		DE	05	1
Kandiāro	Kandiaro	PK	05	1
Kunri		PK	05	1
Kemrī	Kemri	IN	36	1
Kalāt	Kalat	PK	02	1
Kartārpur	Kartarpur	IN	23	1
Kyrenia		CY	02	1
Karhal		IN	36	1
Kikuchi		JP	21	1
Kulp		TR	21	1
Kapellen		BE	VLG	1
Kaisarianí	Kaisariani	GR	ESYE31	1
Kongoussi		BF	05	1
Kahului		US	HI	1
Kheri		IN	36	1
Kālāvad	Kalavad	IN	09	1
Kokopo		PG	10	1
Kināna	Kinana	SD	58	1
Kingsville		US	TX	1
Karera		IN	35	1
Kukshi		IN	35	1
Kānker	Kanker	IN	37	1
Kluczbork		PL	79	1
Kokologo		BF	06	1
Kinwat		IN	16	1
Kubinka		RU	47	1
Kālol	Kalol	IN	09	1
Kaltan		RU	29	1
Koregaon		IN	16	1
Kāndla	Kandla	IN	09	1
Krasnoarmeysk		RU	67	1
Kushikino		JP	18	1
Krasnoarmeysk		RU	47	1
Kaniv		UA	01	1
Khajurāho	Khajuraho	IN	35	1
Kozyatyn		UA	23	1
Karor		PK	04	1
Kot Diji		PK	05	1
K’olīto	K'olito	ET	54	1
Koprivnica		HR	06	1
Kalūr Kot	Kalur Kot	PK	04	1
Kamba		NG	40	1
Krnov		CZ	85	1
Kariba		ZW	05	1
Kireyevsk		RU	76	1
Kallidaikurichchi		IN	25	1
Koelwār	Koelwar	IN	34	1
Kāgal	Kagal	IN	16	1
Kuttampuzha		IN	13	1
Kamimaruko		JP	26	1
Kārkala	Karkala	IN	19	1
Kokstad		ZA	02	1
Kadakkavoor		IN	13	1
Kithor		IN	36	1
Kinzan		KR	17	1
Kaélé	Kaele	CM	12	1
Kağızman	Kagizman	TR	84	1
Korostyshiv		UA	27	1
Kanigiri		IN	02	1
Karoi		ZW	05	1
Katima Mulilo		NA	28	1
Kriens		CH	LU	1
Knjazevac		RS	SE	1
Kabaty		PL	78	1
Kolasib		IN	31	1
Koper		SI	50	1
Kunda		IN	36	1
Kānth	Kanth	IN	36	1
Klosterneuburg		AT	03	1
Kosan		KP	09	1
Kabrāi	Kabrai	IN	36	1
Kheda		IN	09	1
Kafr Nubl		SY	12	1
Kut Chap		TH	76	1
Kakonko		TZ	05	1
Kirovsk		RU	42	1
Kabarnet		KE	10	1
Key West		US	FL	1
Kailāras	Kailaras	IN	35	1
Kingstown		VC	04	1
Korbach		DE	05	1
Kānt	Kant	IN	36	1
Kertih		MY	13	1
Kamojimachō-jōgejima	Kamojimacho-jogejima	JP	39	1
Kangasala		FI	06	1
Krishnarājpet	Krishnarajpet	IN	19	1
Kushtagi		IN	19	1
Kumbalam		IN	13	1
Krolevets’	Krolevets'	UA	21	1
Kościan	Koscian	PL	86	1
Kalachinsk		RU	54	1
Kamīr	Kamir	PK	04	1
Keystone		US	FL	1
Kourou		GF	GF	1
Kottūru	Kotturu	IN	19	1
Krems an der Donau		AT	03	1
Koulikoro		ML	07	1
Kalianget		ID	08	1
Kingston		US	NY	1
Kazan		TR	68	1
Kew		AU	07	1
Kelkit		TR	69	1
Kemisē	Kemise	ET	46	1
Kitahama		JP	35	1
Khromtau		KZ	04	1
Kaseda-shirakame		JP	18	1
Kharakvasla		IN	16	1
Kibaha		TZ	02	1
Kreminna		UA	14	1
Kiomboi		TZ	16	1
Kondoa		TZ	03	1
Koło	Kolo	PL	86	1
Keshorai Pātan	Keshorai Patan	IN	24	1
Kopřivnice	Koprivnice	CZ	85	1
Kabanovo		RU	47	1
Keene		US	NH	1
Khātegaon	Khategaon	IN	35	1
Kamalasai		TH	23	1
Kościerzyna	Koscierzyna	PL	82	1
Kitsuki		JP	30	1
Koothanallur		IN	25	1
Kroya		ID	07	1
Khandela		IN	24	1
Kurduvādi	Kurduvadi	IN	16	1
Kernersville		US	NC	1
Klatovy		CZ	87	1
Kuchaiburi		IN	21	1
Kurinjippādi	Kurinjippadi	IN	25	1
Kamiichi		JP	42	1
Kajiki		JP	18	1
Kovancılar	Kovancilar	TR	23	1
Kūdligi	Kudligi	IN	19	1
Kot Samāba	Kot Samaba	PK	04	1
Khāndbāri	Khandbari	NP	ER	1
Kutiatodu		IN	13	1
Karhula		FI	08	1
Kingori		TZ	26	1
Karmāla	Karmala	IN	16	1
Kalk		DE	07	1
Kenilworth		GB	ENG	1
Kalamnūri	Kalamnuri	IN	16	1
Koz’modem’yansk	Koz'modem'yansk	RU	45	1
Keysborough		AU	07	1
Kampot		KH	21	1
Kirovgrad		RU	71	1
Kasamatsuchō	Kasamatsucho	JP	09	1
Kemi		FI	19	1
Kahūta	Kahuta	PK	04	1
Kamal		ID	08	1
Karakul’	Karakul'	UZ	02	1
Kafr Takhārīm	Kafr Takharim	SY	12	1
Kulāchi	Kulachi	PK	03	1
Karcag		HU	20	1
Kerrville		US	TX	1
Kétou	Ketou	BJ	17	1
Katsuura		JP	04	1
Karlshorst		DE	16	1
Khānpur	Khanpur	PK	05	1
Kretinga		LT	58	1
Kigonsera		TZ	14	1
Kailāshahar	Kailashahar	IN	26	1
Kushima		JP	25	1
Kozakai-chō	Kozakai-cho	JP	01	1
Kūmher	Kumher	IN	24	1
Kaiama		NG	30	1
Khanu Woralaksaburi		TH	11	1
Kafr Zaytā	Kafr Zayta	SY	10	1
Kafr Lāhā	Kafr Laha	SY	11	1
Kapfenberg		AT	06	1
Kizel		RU	90	1
Kuchera		IN	24	1
Kanganpur		PK	04	1
Kiliya		UA	17	1
Kebonarun		ID	07	1
Kamienna Góra	Kamienna Gora	PL	72	1
Kayunga		UG	C	1
Khadyzhensk		RU	38	1
Kaarina		FI	02	1
Karak City		JO	09	1
Kinston		US	NC	1
Karben		DE	05	1
Karanpur		IN	24	1
Kilkenny		IE	L	1
Kodamachō-kodamaminami	Kodamacho-kodamaminami	JP	34	1
Keszthely		HU	24	1
Kowŏn-ŭp	Kowon-up	KP	03	1
Kasrāwad	Kasrawad	IN	35	1
Karuri		KE	38	1
Kotli Lohārān	Kotli Loharan	PK	04	1
Krasnohrad		UA	07	1
Kovylkino		RU	46	1
Kežmarok	Kezmarok	SK	05	1
Kurandvād	Kurandvad	IN	16	1
Kitzingen		DE	02	1
Kiwira		TZ	09	1
Kharkhauda		IN	10	1
Krujë	Kruje	AL	42	1
Kutná Hora	Kutna Hora	CZ	88	1
Kungälv	Kungalv	SE	28	1
Kiambu		KE	22	1
Kuang		MY	12	1
Khvānsār	Khvansar	IR	28	1
Katrineholm		SE	18	1
Koksijde		BE	VLG	1
Kantābānji	Kantabanji	IN	21	1
Kiraoli		IN	36	1
Kremenets’	Kremenets'	UA	22	1
Keswick		CA	08	1
Kīsh	Kish	IR	11	1
Kurchaloy		RU	12	1
Kot Ghulām Muhammad	Kot Ghulam Muhammad	PK	04	1
Kīhei	Kihei	US	HI	1
Khot'kovo		RU	47	1
Kisai		JP	34	1
Klamath Falls		US	OR	1
Крива Паланка	Kriva Palanka	MK	52	1
Kaikalūr	Kaikalur	IN	02	1
Końskie	Konskie	PL	84	1
Kherālu	Kheralu	IN	09	1
Kurakhovo		UA	05	1
Kuzhithurai		IN	25	1
Kawambwa		ZM	04	1
Kishtwār	Kishtwar	IN	12	1
Kanniyākumāri	Kanniyakumari	IN	25	1
Kuchinarai		TH	23	1
Komatipoort		ZA	07	1
Kirkland		CA	10	1
Karaçoban	Karacoban	TR	25	1
Korkuteli		TR	07	1
Kenmore		US	WA	1
Kirguli		UZ	03	1
Kalach		RU	86	1
Kapsan-ŭp	Kapsan-up	KP	13	1
Kontich		BE	VLG	1
Kanaya		JP	37	1
Karachayevsk		RU	27	1
Kwale		NG	36	1
Kabin Buri		TH	74	1
Kant		KG	02	1
Kiryas Joel		US	NY	1
Kanzakimachi-kanzaki		JP	33	1
Kaimori		IN	35	1
Katghora		IN	37	1
Kürten	Kurten	DE	07	1
Khairāgarh	Khairagarh	IN	37	1
Kasongo-Lunda		CD	01	1
Khowai		IN	26	1
Katwijk aan Zee		NL	11	1
Krestovskiy ostrov		RU	42	1
Kastanayevo		RU	47	1
Khosta		RU	38	1
Kempston Hardwick		GB	ENG	1
Kingswinford		GB	ENG	1
Kratié	Kratie	KH	09	1
Karlovo		BG	51	1
Kampong Thom		KH	05	1
King of Prussia		US	PA	1
Kalispell		US	MT	1
Kebili		TN	31	1
Kempston		GB	ENG	1
Kuppam		IN	02	1
Kulu		IN	11	1
Kusa		RU	13	1
Krasyliv		UA	09	1
Kiratu		TZ	26	1
Kattanam		IN	13	1
Kogota		JP	24	1
Karachev		RU	10	1
Kaltenkirchen		DE	10	1
Kivsharivka		UA	07	1
Kilkís	Kilkis	GR	ESYE12	1
Karnobat		BG	39	1
Khāngarh	Khangarh	PK	04	1
Kāpren	Kapren	IN	24	1
Komárom	Komarom	HU	12	1
Kotel’nikovo	Kotel'nikovo	RU	84	1
Kuraymah		SD	43	1
Krasnystaw		PL	75	1
Kibakwe		TZ	03	1
Kujang-ŭp	Kujang-up	KP	11	1
Kovdor		RU	49	1
Kuala Pilah		MY	05	1
Kozel’sk	Kozel'sk	RU	25	1
Kirkintilloch		GB	SCT	1
Kayanza		BI	15	1
Kabanga		TZ	19	1
Kuju		IN	38	1
Kalmeshwar		IN	16	1
Katav-Ivanovsk		RU	13	1
Kalynivka		UA	23	1
Kudachi		IN	19	1
Kęty	Kety	PL	77	1
Kos		GR	ESYE42	1
Kampong Kadok		MY	03	1
Kuala Kedah		MY	02	1
Kodarmā	Kodarma	IN	38	1
Kurovskoye		RU	47	1
Konnūr	Konnur	IN	19	1
Koropí	Koropi	GR	ESYE31	1
Kawasaki		JP	07	1
Kyurdarmir		AZ	27	1
Kihangara		TZ	12	1
Kampar		MY	07	1
Kirandul		IN	37	1
Kui Buri		TH	57	1
Korsun’-Shevchenkivs’kyy	Korsun'-Shevchenkivs'kyy	UA	01	1
Kruisfontein		ZA	05	1
Kulpahār	Kulpahar	IN	36	1
Kharmanli		BG	43	1
Konstantinovsk		RU	61	1
Kimbe		PG	17	1
Karow		DE	16	1
Kari		NG	46	1
Kotido		UG	N	1
Kadaň	Kadan	CZ	89	1
Kungsbacka		SE	06	1
Kalininsk		RU	67	1
Kozienice		PL	78	1
Kaulsdorf		DE	16	1
Kyenjojo		UG	W	1
Kobuleti		GE	04	1
Khārupatia	Kharupatia	IN	03	1
Khon Buri		TH	27	1
Katoomba		AU	02	1
Kaset Wisai		TH	25	1
Kaka		TM	01	1
Khao Yoi		TH	56	1
Khirkiyān	Khirkiyan	IN	35	1
Karasuyama		JP	38	1
Kolkhozobod		TJ	02	1
Kyakhta		RU	11	1
Katerero		TZ	19	1
Kamogatachō-kamogata	Kamogatacho-kamogata	JP	31	1
Kreuzau		DE	07	1
Kinel’-Cherkassy	Kinel'-Cherkassy	RU	65	1
Kākori	Kakori	IN	36	1
Kotel’niki	Kotel'niki	RU	47	1
Krapkowice		PL	79	1
Kamenz		DE	13	1
Kharsia		IN	37	1
Kronach		DE	02	1
Kalocsa		HU	01	1
Kharabali		RU	07	1
Kisvárda	Kisvarda	HU	18	1
Kierspe		DE	07	1
Krasnovishersk		RU	90	1
Kuçovë	Kucove	AL	40	1
Karlshamn		SE	02	1
Kiruna		SE	14	1
Koungou		YT	97610	1
Kostrzyn nad Odrą	Kostrzyn nad Odra	PL	76	1
Kafir Qala		AF	11	1
Korntal		DE	01	1
Keta		GH	08	1
Kingstown Park		VC	04	1
Kesinga		IN	21	1
Kızılcahamam	Kizilcahamam	TR	68	1
Kirsanov		RU	72	1
Kabala		SL	02	1
Kawage		JP	23	1
Kireka		UG	C	1
Kolbermoor		DE	02	1
Kurtamysh		RU	40	1
Kerūr	Kerur	IN	19	1
Kédougou	Kedougou	SN	17	1
Karlsfeld		DE	02	1
Kasli		RU	13	1
Khasab		OM	07	1
Kleinmachnow		DE	11	1
Konz		DE	08	1
Kurayyimah		JO	18	1
Kristinehamn		SE	22	1
Kosaya Gora		RU	76	1
Kukës	Kukes	AL	47	1
Katangi		IN	35	1
Kara Suu		KG	08	1
Kortenberg		BE	VLG	1
Kasterlee		BE	VLG	1
Kedrovka		RU	29	1
Kronberg		DE	05	1
Kalānaur	Kalanaur	IN	10	1
Kiyawa		NG	39	1
Kongsberg		NO	04	1
Kobyłka	Kobylka	PL	78	1
Kreuzlingen		CH	TG	1
Kundgol		IN	19	1
Kafr Kannā	Kafr Kanna	IL	03	1
Kodoli		IN	16	1
Kampung Simpang Renggam		MY	01	1
Kirksville		US	MO	1
Kholmskiy		RU	38	1
Kalmthout		BE	VLG	1
Karukh		AF	11	1
Konstantynów Łódzki	Konstantynow Lodzki	PL	74	1
Kuusamo		FI	17	1
Kralupy nad Vltavou		CZ	88	1
Kantyshevo		RU	19	1
Kommunar		RU	42	1
Kafr Qāsim	Kafr Qasim	IL	02	1
Kemer		TR	07	1
Kings Park		US	NY	1
Killingly Center		US	CT	1
Kangaba		ML	07	1
Karlivka		UA	18	1
Khānāpur	Khanapur	IN	19	1
Kibara		TZ	08	1
Kayar		SN	07	1
Khetri		IN	24	1
Korsholm		FI	15	1
Kolāras	Kolaras	IN	35	1
Kamwenge		UG	W	1
Kondrovo		RU	25	1
Kepala Batas		MY	09	1
Kudepsta		RU	38	1
Kalodzishchy		BY	05	1
Kaset Sombun		TH	26	1
Kushk		AF	11	1
Kavalerovo		RU	59	1
Kyzyl-Suu		KG	07	1
Krasnoobsk		RU	53	1
Khŭjaobod	Khujaobod	UZ	01	1
Kutiyāna	Kutiyana	IN	09	1
Konārka	Konarka	IN	21	1
Kukmor		RU	73	1
Kristiansund		NO	08	1
Kadod		IN	09	1
Korgan		TR	52	1
Koāth	Koath	IN	34	1
Kānke	Kanke	IN	38	1
Korrewegwijk		NL	04	1
Köping	Koping	SE	25	1
Kashin		RU	77	1
Kysucké Nové Mesto	Kysucke Nove Mesto	SK	08	1
Kumagunnam		NG	44	1
Konstancin-Jeziorna		PL	78	1
Kivertsi		UA	24	1
Khātra	Khatra	IN	28	1
Kochenëvo	Kochenevo	RU	53	1
Königslutter am Elm	Koenigslutter am Elm	DE	06	1
Khilchipur		IN	35	1
Kātpādi	Katpadi	IN	25	1
Kampung Tanjung Karang		MY	12	1
Kumbhrāj	Kumbhraj	IN	35	1
Kirchhain		DE	05	1
Kishapu		TZ	15	1
Kāleke Mandi	Kaleke Mandi	PK	04	1
Khada		IN	36	1
Kirchlengern		DE	07	1
Kupino		RU	53	1
Kloten		CH	ZH	1
Kulgam		IN	12	1
Kitama		TZ	11	1
Kamalganj		IN	36	1
Koulamoutou		GA	07	1
Kamyzyak		RU	07	1
Kyabé	Kyabe	TD	17	1
Krasnogvardeyskoye		RU	70	1
Kosovo Polje		XK	10097360	1
Künzell	Kunzell	DE	05	1
Kufstein		AT	07	1
Kukawa		NG	27	1
Kilwinning		GB	SCT	1
Kālābāgh	Kalabagh	PK	04	1
Kitui		KE	27	1
Konjic		BA	01	1
Kingsland		US	GA	1
Kalundborg		DK	20	1
Keynsham		GB	ENG	1
Kannod		IN	35	1
Kamar Mushāni	Kamar Mushani	PK	04	1
Komsomol’s’ke	Komsomol's'ke	UA	07	1
Kāmākhyānagar	Kamakhyanagar	IN	21	1
Kallar Kahār	Kallar Kahar	PK	04	1
Kapit		MY	11	1
Kankauli		IN	16	1
Khairāgarh	Khairagarh	IN	37	1
Kelheim		DE	02	1
Kinarut		MY	16	1
Khatīma	Khatima	IN	39	1
Kamachumu		TZ	19	1
Kodinsk		RU	91	1
Königstein im Taunus	Konigstein im Taunus	DE	05	1
Karabash		RU	13	1
Kataysk		RU	40	1
Khūtār	Khutar	IN	36	1
Karabanovo		RU	83	1
Keetmanshoop		NA	31	1
Kotā	Kota	IN	37	1
Kampung Ayer Molek		MY	04	1
Kotapārh	Kotaparh	IN	37	1
Kaukauna		US	WI	1
Kosigi		IN	02	1
Kuala Lipis		MY	06	1
Kalghatgi		IN	19	1
Kenmore		US	NY	1
Kalugumalai		IN	25	1
Kachhwa		IN	36	1
Kamenjane		MK	C7	1
Kulunda		RU	04	1
Katangi		IN	35	1
Kāthor	Kathor	IN	09	1
Kadınhanı	Kadinhani	TR	71	1
Keruguya		KE	24	1
Kidlington		GB	ENG	1
Karlstadt		DE	02	1
Khuldābād	Khuldabad	IN	16	1
Kuna		US	ID	1
Khao Wong		TH	23	1
Khāpa	Khapa	IN	16	1
Korwai		IN	35	1
Khāsh	Khash	AF	19	1
Kenda		IN	28	1
Kiskőrös	Kiskoros	HU	01	1
Kocaali		TR	54	1
Künzelsau	Kuenzelsau	DE	01	1
Kriel		ZA	07	1
Klášterec nad Ohří	Klasterec nad Ohri	CZ	89	1
Korsør	Korsor	DK	20	1
Khetia		IN	16	1
Khamaria		IN	35	1
Kafr Mandā	Kafr Manda	IL	03	1
Kartuzy		PL	82	1