Ürümqi	UEruemqi	CN	13	201
Ufa		RU	08	68
Ulsan		KR	21	64
Ulan Bator		MN	20	56
Ulyanovsk		RU	81	42
Üsküdar	UEskuedar	TR	34	38
Umraniye		TR	34	38
Uberlândia	Uberlandia	BR	15	37
Ulhasnagar		IN	16	34
Uijeongbu-si		KR	13	31
Ujjain		IN	35	30
Utsunomiya		JP	38	29
Uyo		NG	21	29
Udaipur		IN	24	28
Ulan-Ude		RU	11	24
Ust-Kamenogorsk		KZ	15	21
Utrecht		NL	09	19
Umuahia		NG	45	17
Uberaba		BR	15	17
Udon Thani		TH	76	16
Uruapan		MX	16	15
Uitenhage		ZA	05	15
Ugep		NG	22	13
Uji		JP	22	12
Ube		JP	45	11
Uvira		CD	12	11
Ulanhot		CN	20	11
Unaizah		SA	08	10
Unnāo	Unnao	IN	36	10
Ussuriysk		RU	59	10
Uşak	Usak	TR	64	10
Urganch		UZ	05	10
Ursynów	Ursynow	PL	78	9
Urayasu		JP	40	9
Usera		ES	29	9
Udipi		IN	19	8
Ungaran		ID	07	8
Uppsala		SE	21	8
Ueda		JP	26	8
Uruguaiana		BR	23	8
Ubon Ratchathani		TH	75	8
Ulm		DE	01	8
Uppal Kalan		IN	40	7
Uzhhorod		UA	25	7
Uromi		NG	37	7
Umm Qaşr	Umm Qasr	IQ	02	7
Universal City		US	CA	7
Ukhta		RU	34	6
Udgīr	Udgir	IN	16	6
Urdaneta		PH	01	6
Ust’-Ilimsk	Ust'-Ilimsk	RU	20	6
Ubá	Uba	BR	15	6
Udine		IT	06	6
Ushirombo		TZ	28	6
Ústí nad Labem	Usti nad Labem	CZ	89	6
Umuarama		BR	18	5
Uman’	Uman'	UA	01	5
Usol’ye-Sibirskoye	Usol'ye-Sibirskoye	RU	20	5
Ungsang		KR	20	5
Udhampur		IN	12	5
Ushiku		JP	14	5
Ughelli		NG	36	5
Ubatuba		BR	27	5
Ünye	UEnye	TR	52	5
Ulu Tiram		MY	01	5
Umeå	Umea	SE	23	4
Upland		US	CA	4
Upington		ZA	08	4
Union City		US	CA	4
Unna		DE	07	4
Union City		US	NJ	4
Uga		NG	25	4
Užice	Uzice	RS	SE	4
Utica		US	NY	4
Ueno-ebisumachi		JP	23	4
Uyovu		TZ	28	4
Ualog		PH	06	4
Unaí	Unai	BR	15	4
Uíge	Uige	AO	15	4
Ullal		IN	19	3
Uwajima		JP	05	3
Udumalaippettai		IN	25	3
Uzlovaya		RU	76	3
Uttaradit		TH	10	3
Ushuaia		AR	23	3
Union		US	NJ	3
Una		IN	09	3
Upleta		IN	09	3
Ujhāni	Ujhani	IN	36	3
Umm Ruwaba		SD	56	3
Uritsk		RU	66	3
Unjha		IN	09	3
Upata		VE	06	3
Usulután	Usulutan	SV	14	3
Umred		IN	16	3
Utrera		ES	51	3
Ŭiju	Uiju	KP	11	3
Untolovo		RU	42	3
Uriangato		MX	11	3
União da Vitória	Uniao da Vitoria	BR	18	3
Uttar Char Fasson		BD	82	3
Ust’-Kut	Ust'-Kut	RU	20	3
Urgut		UZ	10	3
Ursus		PL	78	3
Uozu		JP	42	3
Uchaly		RU	08	3
Urla		TR	35	3
Umm al Qaywayn		AE	07	2
Ust’-Labinsk	Ust'-Labinsk	RU	38	2
Usinsk		RU	34	2
Usta Muhammad		PK	02	2
Umarkot		PK	05	2
Uryupinsk		RU	84	2
Urus-Martan		RU	12	2
Urbana		US	IL	2
Urmston		GB	ENG	2
União dos Palmares	Uniao dos Palmares	BR	02	2
University		US	FL	2
Umm el Faḥm	Umm el Fahm	IL	04	2
Uzgen		KG	08	2
Uray		RU	32	2
Umi		JP	07	2
Urbandale		US	IA	2
Uto		JP	21	2
Upper Hutt		NZ	G2	2
Uchaly		RU	08	2
Uglich		RU	88	2
Upplands Väsby	Upplands Vaesby	SE	26	2
Uzunköprü	Uzunkoeprue	TR	22	2
Úbeda	Ubeda	ES	51	2
University City		US	MO	2
Umarkhed		IN	16	2
Usuki		JP	30	2
Uelzen		DE	06	2
Uden		NL	06	2
Ungheni		MD	92	2
Ust’-Dzheguta	Ust'-Dzheguta	RU	27	2
Umm Lajj		SA	19	2
Upper Arlington		US	OH	2
Unión de Reyes	Union de Reyes	CU	03	2
Uravakonda		IN	02	2
Uchqŭrghon Shahri	Uchqurghon Shahri	UZ	06	2
Utena		LT	64	2
Umreth		IN	09	2
Udomlya		RU	77	2
Umarga		IN	16	2
Ueki		JP	21	2
University Place		US	WA	2
Usilampatti		IN	25	2
Un		IN	09	2
Ujiie		JP	38	2
Uddevalla		SE	28	2
Udaipur		IN	24	2
Uruaçu	Uruacu	BR	29	2
Umaria		IN	35	1
Uychi		UZ	06	1
Utmānzai	Utmanzai	PK	03	1
Umm Şalāl Muḩammad	Umm Salal Muhammad	QA	09	1
Upper Alton		US	IL	1
Unecha		RU	10	1
Uvarovo		RU	72	1
Uman		MX	31	1
Utraula		IN	36	1
Ubaitaba		BR	05	1
Ubud		ID	02	1
Ulaangom		MN	19	1
Uenohara		JP	46	1
Umarkot		IN	37	1
University Park		US	FL	1
Uithoorn		NL	07	1
Uherské Hradiště	Uherske Hradiste	CZ	90	1
Ukmerge		LT	65	1
Uran		IN	16	1
Unterschleißheim	Unterschleissheim	DE	02	1
Übach-Palenberg	Ubach-Palenberg	DE	07	1
Ust’-Katav	Ust'-Katav	RU	13	1
Uniondale		US	NY	1
Uvinza		TZ	05	1
Uruçuca	Urucuca	BR	05	1
Uttiramerūr	Uttiramerur	IN	25	1
Urambo		TZ	17	1
Ubauro		PK	05	1
Udaipur		IN	26	1
Uster		CH	ZH	1
University Park		US	TX	1
Uttamapālaiyam	Uttamapalaiyam	IN	25	1
Una		BR	05	1
Uthai Thani		TH	15	1
Ubiaja		NG	37	1
Überlingen	Uberlingen	DE	01	1
Unterhaching		DE	02	1
Ulundi		ZA	02	1
Ush-Tyube		KZ	01	1
Ubaté	Ubate	CO	33	1
Umkomaas		ZA	02	1
Usman’	Usman'	RU	43	1
Union City		US	GA	1
Upper Saint Clair		US	PA	1
Uva		RU	80	1
Udankudi		IN	25	1
Ureshinomachi-shimojuku		JP	33	1
Urrao		CO	02	1
Union Hill-Novelty Hill		US	WA	1
Usa River		TZ	26	1
Universal City		US	TX	1
Umm as Summāq	Umm as Summaq	JO	16	1
Uetersen		DE	10	1
Usevia		TZ	29	1
Uchiza		PE	22	1
Utebo		ES	52	1
Una		IN	11	1
Uherský Brod	Uhersky Brod	CZ	90	1
Urk		NL	16	1
Uttarkāshi	Uttarkashi	IN	39	1
Ubrique		ES	51	1
Urziceni		RO	22	1
Ushibuka		JP	21	1
Ürgüp	UErguep	TR	50	1
Uthal		PK	02	1
Ustka		PL	82	1
Uliastay		MN	09	1
Uusikaupunki		FI	02	1
Ukiah		US	CA	1
Umina		AU	02	1
Uslar		DE	06	1
Udalguri		IN	03	1
Unterkrozingen		DE	01	1
Unhel		IN	35	1
Uvalde		US	TX	1
Ujar		AZ	59	1
Uckfield		GB	ENG	1
União	Uniao	BR	20	1
Uzhur		RU	91	1
Ustroń	Ustron	PL	83	1
Ubatã	Ubata	BR	05	1
Usagara		TZ	12	1
Udaipura		IN	35	1
Unquillo		AR	05	1
Udachny		RU	63	1
Ústí nad Orlicí	Usti nad Orlici	CZ	86	1
Uchkeken		RU	27	1
Usehat		IN	36	1
Ūn	Un	IN	36	1