Hong Kong		HK	HCW	467
Hangzhou		CN	02	416
Harbin		CN	08	391
Hyderabad		IN	40	239
Ho Chi Minh City		VN	20	231
Hefei		CN	01	220
Havana		CU	02	144
Houston		US	TX	139
Hamburg		DE	04	115
Harare		ZW	10	102
Hanoi		VN	44	95
Hyderabad		PK	05	92
Handan		CN	10	90
Hiroshima		JP	11	76
Hāora	Haora	IN	28	68
Huainan		CN	01	68
Huaibei		CN	01	60
Hubli		IN	19	56
Homs		SY	11	51
Hohhot		CN	20	51
Hengyang		CN	11	50
Hegang		CN	08	49
Huangshi		CN	12	45
Haikou		CN	31	41
Hamamatsu		JP	37	40
Haiphong		VN	13	40
Hermosillo		MX	26	39
Hachiōji	Hachioji	JP	40	38
Honchō	Honcho	JP	04	37
Hamhŭng	Hamhung	KP	03	37
Helsinki		FI	01	37
Huai'an		CN	04	37
Hamadān	Hamadan	IR	09	35
Hamilton		CA	08	34
Hannover		DE	06	34
Himeji		JP	13	32
Hargeysa		SO	20	31
Hwaseong-si		KR	13	31
Ḩamāh	Hamah	SY	10	30
Hengshui		CN	10	30
Heroica Matamoros		MX	28	29
Hirakata		JP	32	27
Hsinchu		TW	04	26
Huancayo		PE	12	25
Honolulu		US	HI	24
Halifax		CA	07	23
Hualien City		TW	04	23
Hŭngnam	Hungnam	KP	03	23
Holguín	Holguin	CU	12	21
Hrodna		BY	03	21
Hull		GB	ENG	20
Hisar		IN	10	19
Huizhou		CN	30	19
Huế	Hue	VN	66	19
Hamburg-Nord		DE	04	18
Horlivka		UA	05	18
Hakodate		JP	12	18
Herāt	Herat	AF	11	18
Haifa		IL	04	17
Ha'il		SA	13	17
Hulan Ergi		CN	08	17
Hiratsuka		JP	19	17
Henderson		US	NV	17
Heze		CN	25	16
Hebi		CN	09	16
Hāpur	Hapur	IN	36	16
Halle Neustadt		DE	14	16
Hachinohe		JP	03	15
Halle (Saale)		DE	14	15
Hamburg-Mitte		DE	04	15
Ḩalwān	Halwan	EG	11	15
Huambo		AO	08	15
Huanggang		CN	30	15
Hialeah		US	FL	14
Haeju		KP	06	14
Hobart		AU	06	14
Hailar		CN	20	14
Hangu		CN	28	13
Hortolândia	Hortolandia	BR	27	13
Harburg		DE	04	13
Hagen		DE	07	13
Hospet		IN	19	13
Hyesan-si		KP	13	12
Humen		CN	30	12
Hat Yai		TH	68	12
Haicheng		CN	19	12
Huntington Beach		US	CA	12
Hitachi		JP	14	12
Haridwar		IN	39	12
Hamm		DE	07	12
Huntsville		US	AL	12
Habana del Este		CU	02	11
Hugli		IN	28	11
Hirosaki		JP	03	11
Hadano		JP	19	11
Herne		DE	07	11
Hino		JP	40	11
Haldia		IN	28	11
Horta-Guinardó	Horta-Guinardo	ES	56	11
Hollywood		US	CA	11
H̱olon	Holon	IL	05	11
Ḩawallī	Hawalli	KW	08	10
Hortaleza		ES	29	10
Hebron		PS	WE	10
Huzhou		CN	02	10
Hitachi-Naka		JP	14	10
Hanumāngarh	Hanumangarh	IN	24	10
Hāfizābād	Hafizabad	PK	04	10
Hamilton		NZ	G1	10
Higashimurayama-shi		JP	40	10
Huangyan		CN	02	10
Huddersfield		GB	ENG	9
Huelva		ES	51	9
Honggang		CN	08	9
Huánuco	Huanuco	PE	10	9
Haarlem		NL	07	9
Hanzhong		CN	26	9
Hayward		US	CA	9
Heidelberg		DE	01	9
Hollywood		US	FL	9
Hazārībāg	Hazaribag	IN	38	9
Haldwani		IN	39	9
Hābra	Habra	IN	28	9
Huadian		CN	05	9
Hampton		US	VA	9
Hami		CN	13	9
Hinthada		MM	03	8
Hanam		KR	13	8
Hājīpur	Hajipur	IN	34	8
Hindupur		IN	02	8
Hawassa		ET	54	8
Hoofddorp		NL	07	8
Hepo		CN	30	8
Hassan		IN	19	8
Hālīsahar	Halisahar	IN	28	8
Huaihua		CN	11	8
Hāthras	Hathras	IN	36	8
Huicheng		CN	30	8
Haimen		CN	30	8
Huixquilucan		MX	15	8
Hartford		US	CT	8
Hagonoy		PH	03	8
Hardoī	Hardoi	IN	36	8
Huangzhou		CN	12	8
Heilbronn		DE	01	8
Hōfu	Hofu	JP	45	7
Handa		JP	01	7
Hotan		CN	13	7
Haikou		CN	29	7
Hikone		JP	35	7
Hadejia		NG	39	7
Hailun		CN	08	7
Heihe		CN	08	7
Hoshangābād	Hoshangabad	IN	35	7
Hulan		CN	08	7
Hwado		KR	13	7
High Point		US	NC	6
Hosūr	Hosur	IN	25	6
Heroica Guaymas		MX	26	6
Hildesheim		DE	06	6
Hidalgo del Parral		MX	06	6
Horad Barysaw		BY	05	6
Habboûch	Habbouch	LB	07	6
Hyesan-dong		KP	13	6
Hechuan		CN	33	6
Hinganghāt	Hinganghat	IN	16	6
Highlands Ranch		US	CO	6
Hurghada		EG	02	6
Hindaun		IN	24	6
Hradec Králové	Hradec Kralove	CZ	82	6
Harlow		GB	ENG	6
Heyuan		CN	30	6
Heerlen		NL	05	6
High Peak		GB	ENG	6
Huazhou		CN	30	6
Hillsboro		US	OR	6
Helsingborg		SE	27	6
Hanting		CN	25	6
Harar		ET	50	6
Huddinge		SE	26	6
Hesperia		US	CA	6
Huaidian		CN	09	5
Huaicheng		CN	30	5
Hongsung		KR	17	5
Hede		CN	04	5
Hastings		GB	ENG	5
Habiganj		BD	86	5
Hanau am Main		DE	05	5
Hāsilpur	Hasilpur	PK	04	5
Hanchuan		CN	12	5
Harrogate		GB	ENG	5
Hacienda Santa Fe		MX	14	5
Huaraz		PE	02	5
Hartlepool		GB	ENG	5
Hamakita		JP	37	5
Hannō	Hanno	JP	34	5
Helong		CN	05	5
Hemel Hempstead		GB	ENG	5
Hailin		CN	08	5
Ḩawsh ‘Īsá	Hawsh `Isa	EG	03	5
Hetauda		NP	CR	5
Hawthorne		US	CA	5
Hilversum		NL	07	5
Herzliyya		IL	05	5
Hecun		CN	10	5
Havířov	Havirov	CZ	85	5
Halifax		GB	ENG	5
Hānsi	Hansi	IN	10	5
Hoover		US	AL	5
Hammond		US	IN	5
Hengelo		NL	15	5
High Wycombe		GB	ENG	5
Haskovo		BG	43	5
Huehuetenango		GT	08	5
Heróica Zitácuaro	Heroica Zitacuaro	MX	16	5
Hemet		US	CA	5
Harihar		IN	19	5
Hakkari		TR	70	5
Huangmei		CN	12	5
Hatsukaichi		JP	11	5
Hunchun		CN	05	5
Huangshan		CN	01	5
Hingoli		IN	16	5
H̱adera	Hadera	IL	04	5
Hongch’ŏn	Hongch'on	KR	06	5
Hove		GB	ENG	5
Haninge		SE	26	4
Hellersdorf		DE	16	4
Huilong		CN	04	4
Helmond		NL	06	4
Hanamaki		JP	16	4
Haru Zbad		PK	04	4
Hongwŏn	Hongwon	KP	03	4
Ho		GH	08	4
Hasselt		BE	VLG	4
Hunedoara		RO	21	4
Hekinan		JP	01	4
Hoorn		NL	07	4
Heishan		CN	19	4
Harda Khās	Harda Khas	IN	35	4
Huinan		CN	05	4
Huanren		CN	19	4
Huanan		CN	08	4
Huaiyuan Chengguanzhen		CN	01	4
Herten		DE	07	4
Hepingjie		CN	05	4
Haveli		PK	04	4
Hasuda		JP	34	4
Herford		DE	07	4
Harlingen		US	TX	4
Hwawŏn	Hwawon	KR	15	4
Heidelberg		ZA	06	4
Hamma Bouziane		DZ	04	4
Houmt Souk		TN	28	4
Hamilton		US	OH	4
Huaral		PE	15	4
Hushitai		CN	19	4
Huoqiu Chengguanzhen		CN	01	4
Honjō	Honjo	JP	34	4
Hastings		NZ	F2	4
Hancheng		CN	09	4
Hujra		PK	04	4
Hita		JP	30	4
Horad Zhodzina		BY	05	4
Haverhill		US	MA	4
Himatnagar		IN	09	4
Homestead		US	FL	4
Hāveri	Haveri	IN	19	4
Hwasun		KR	16	3
Hamden		US	CT	3
Huazhou		CN	09	3
Hongjiang		CN	11	3
Haizhou		CN	04	3
Hanyū	Hanyu	JP	34	3
Hameln		DE	06	3
Hongqiao		CN	11	3
Hereford		GB	ENG	3
Huntington Park		US	CA	3
Hancheng		CN	26	3
Hardenberg		NL	15	3
Harsīn	Harsin	IR	13	3
Huangpi		CN	12	3
Hasanpur		IN	36	3
Ḩalabjah	Halabjah	IQ	05	3
Hashimoto		JP	43	3
Hendala		LK	36	3
Harīpur	Haripur	PK	03	3
Hattingen		DE	07	3
Hilden		DE	07	3
Hutang		CN	04	3
Honiara		SB	06	3
Hohoe		GH	08	3
Halmstad		SE	06	3
Halesowen		GB	ENG	3
Heilbron		ZA	03	3
Huangnihe		CN	05	3
Huyton		GB	ENG	3
Hürth	Huerth	DE	07	3
Huacho		PE	15	3
Himimachi		JP	42	3
Hacienda Heights		US	CA	3
Hanford		US	CA	3
Hempstead		US	NY	3
Hammamet		TN	19	3
Hiriyūr	Hiriyur	IN	19	3
Highland		US	CA	3
Hatogaya-honchō	Hatogaya-honcho	JP	34	3
Hassi Messaoud		DZ	50	3
Heroica Caborca		MX	26	3
Huesca		ES	52	3
Hoffman Estates		US	IL	3
Hendersonville		US	TN	3
Horizonte		BR	06	3
Hà Đông	Ha Dong	VN	44	3
Horsham		GB	ENG	3
Hyères	Hyeres	FR	93	3
Hua Hin		TH	57	3
Horsens		DK	18	3
Heidenheim an der Brenz		DE	01	3
Hoboken		US	NJ	3
Hpa-an		MM	05	3
Hayes		GB	ENG	3
Huauchinango		MX	21	3
Hadāli	Hadali	PK	04	3
Harrisburg		US	PA	3
Hvidovre		DK	17	3
Hof		DE	02	3
Huntington		US	WV	3
Hacienda La Calera		CL	01	3
Harrisonburg		US	VA	3
Hāla	Hala	PK	05	3
Hammam-Lif		TN	36	3
Hunsūr	Hunsur	IN	19	3
Hamilton		GB	SCT	3
Heerhugowaard		NL	07	3
Hódmezővásárhely	Hodmezovasarhely	HU	06	3
Herzogenrath		DE	07	3
Hämeenlinna	Haemeenlinna	FI	05	3
Huntersville		US	NC	3
Hattiesburg		US	MS	3
Huamantla		MX	29	3
Hikari		JP	45	3
Higashine		JP	44	3
Hamada		JP	36	3
Hālol	Halol	IN	09	3
Hasan Abdāl	Hasan Abdal	PK	04	3
Havant		GB	ENG	3
Hennef		DE	07	3
Hashtpar		IR	08	3
Huizen		NL	07	3
Hinckley		GB	ENG	3
Harpanahalli		IN	19	2
Herning		DK	18	2
Homburg		DE	09	2
Hājīganj	Hajiganj	BD	84	2
Hodal		IN	10	2
Hāgere Hiywet	Hagere Hiywet	ET	51	2
Hoeryŏng	Hoeryong	KP	17	2
Hagi		JP	45	2
Hoyerswerda		DE	13	2
Ḩajjah	Hajjah	YE	22	2
Hyvinge		FI	01	2
Hihyā	Hihya	EG	14	2
Hilo		US	HI	2
Hod HaSharon		IL	02	2
Heerenveen		NL	02	2
Hackensack		US	NJ	2
Heusden		NL	06	2
Haltom City		US	TX	2
Hutchinson		US	KS	2
Hennaya		DZ	15	2
Hisai-motomachi		JP	23	2
Huancavelica		PE	09	2
Hicksville		US	NY	2
Heinsberg		DE	07	2
Homnābād	Homnabad	IN	19	2
Holloway		GB	ENG	2
Hoskote		IN	19	2
Hilsa		IN	34	2
Hrazdan		AM	05	2
Hondo		JP	21	2
Harderwijk		NL	03	2
Haveliān	Havelian	PK	03	2
Hayang		KR	14	2
Haugesund		NO	14	2
Homa Bay		KE	17	2
Hưng Yên	Hung Yen	VN	81	2
Héliopolis	Heliopolis	DZ	23	2
Huejutla de Reyes		MX	13	2
Hickory		US	NC	2
Hà Tiên	Ha Tien	VN	21	2
Hāsimāra	Hasimara	IN	28	2
Hāflong	Haflong	IN	03	2
Holyoke		US	MA	2
Hückelhoven	Hueckelhoven	DE	07	2
Huaquillas		EC	08	2
Halberstadt		DE	14	2
Hagerstown		US	MD	2
Hinigaran		PH	06	2
Hoima		UG	W	2
Hamanoichi		JP	18	2
Hasaki		JP	04	2
Hoogeveen		NL	01	2
Haguenau		FR	44	2
Huntsville		US	TX	2
Hoppers Crossing		AU	07	2
Huber Heights		US	OH	2
Hanover		US	MD	2
Hitoyoshi		JP	21	2
Hanover Park		US	IL	2
Heist-op-den-Berg		BE	VLG	2
Houghton-Le-Spring		GB	ENG	2
Haltern		DE	07	2
Hofheim am Taunus		DE	05	2
Hemer		DE	07	2
Ḩarastā	Harasta	SY	08	2
Hurst		US	TX	2
Hallandale Beach		US	FL	2
Hilton Head Island		US	SC	2
Hanawa		JP	02	2
Hojāi	Hojai	IN	03	2
Hørsholm	Horsholm	DK	17	2
Herne Bay		GB	ENG	2
Houndé	Hounde	BF	09	2
Herstal		BE	WAL	2
Hövsan	Hovsan	AZ	09	2
Heemskerk		NL	07	2
Hangu		PK	03	2
Heung-hai		KR	14	2
Hato Mayor del Rey		DO	29	2
Hammam Bou Hadjar		DZ	36	2
Hwangju-ŭp	Hwangju-up	KP	07	2
Hınıs	Hinis	TR	25	2
Hlukhiv		UA	21	2
Humenné	Humenne	SK	05	2
Hendek		TR	54	2
Hot Springs National Park		US	AR	2
Hot Springs		US	AR	2
Hoddesdon		GB	ENG	2
Harrismith		ZA	03	2
Helsingør	Helsingor	DK	17	2
Hollister		US	CA	2
Homagama		LK	36	2
Halle		BE	VLG	2
Hoboken		BE	VLG	2
Hirara		JP	47	2
Hamīrpur	Hamirpur	IN	36	2
Hobbs		US	NM	2
Horki		BY	06	2
Hammam Sousse		TN	23	2
Hitchin		GB	ENG	2
Houma		US	LA	2
Hermosa		PH	03	2
Hinesville		US	GA	2
Hwange		ZW	06	2
Hotaka		JP	26	2
Holland		US	MI	2
Huntington Station		US	NY	2
Hội An	Hoi An	VN	84	2
Höxter	Hoexter	DE	07	2
Harper		LR	13	2
Ḩayy Quwaysimah	Hayy Quwaysimah	JO	16	2
Houten		NL	09	2
Holstebro		DK	18	2
Hajdúböszörmény	Hajduboszormeny	HU	10	2
Hyde		GB	ENG	2
Hīt	Hit	IQ	01	2
Hopkinsville		US	KY	2
Herrenberg		DE	01	2
Hengchun		TW	04	2
Humaitá	Humaita	BR	04	2
Hayama		JP	19	2
Houilles		FR	11	2
Hailākāndi	Hailakandi	IN	03	2
Heusden		BE	VLG	2
Hellín	Hellin	ES	54	2
Ḩadīthah	Hadithah	IQ	01	2
Hatta		IN	35	2
Hillerød	Hillerod	DK	17	2
Huatabampo		MX	26	2
Heswall		GB	ENG	2
Helchteren		BE	VLG	2
Houthalen		BE	VLG	2
Highland Park		US	IL	1
Hucknall		GB	ENG	1
Haywards Heath		GB	ENG	1
Hamar		NO	06	1
Haan		DE	07	1
Huatusco de Chicuellar		MX	30	1
Huixtla		MX	05	1
Hajīn	Hajin	SY	07	1
Huşi	Husi	RO	38	1
Hobart		US	IN	1
Harpenden		GB	ENG	1
Heesch		NL	06	1
Horst		NL	03	1
Henderson		US	KY	1
Howick		ZA	02	1
Hammamet		DZ	33	1
Hilliard		US	OH	1
Hole Narsipur		IN	19	1
Helena		US	MT	1
Honda		CO	28	1
Hiratachō	Hiratacho	JP	36	1
Heywood		GB	ENG	1
Hōjō	Hojo	JP	05	1
Hisuā	Hisua	IN	34	1
Hovd		MN	15	1
Hatfield		GB	ENG	1
Hiji		JP	30	1
Hà Tĩnh	Ha Tinh	VN	52	1
Heiligenhaus		DE	07	1
Hadjout		DZ	55	1
Harrison		US	NY	1
Hamminkeln		DE	07	1
Hīrākud	Hirakud	IN	21	1
Holbrook		US	NY	1
Hakenfelde		DE	16	1
Hafnarfjörður	Hafnarfjoerdur	IS	39	1
Harker Heights		US	TX	1
Hualmay		PE	15	1
Hāngal	Hangal	IN	19	1
Huimanguillo		MX	27	1
Holladay		US	UT	1
Hadgāon	Hadgaon	IN	16	1
Hodonín	Hodonin	CZ	78	1
Hazro		PK	04	1
Haqqulobod		UZ	06	1
Halvad		IN	09	1
Husainābād	Husainabad	IN	38	1
Hennigsdorf		DE	11	1
Henstedt-Ulzburg		DE	10	1
Horn Lake		US	MS	1
Harelbeke		BE	VLG	1
Horb am Neckar		DE	01	1
Herentals		BE	VLG	1
Hertford		GB	ENG	1
Hazelwood		US	MO	1
Herdecke		DE	07	1
Heemstede		NL	07	1
Helmstedt		DE	06	1
Hawarden		GB	WLS	1
Hornchurch		GB	ENG	1
Heppenheim an der Bergstrasse		DE	05	1
Hŭkkyo-ri	Hukkyo-ri	KP	07	1
Hénin-Beaumont	Henin-Beaumont	FR	32	1
Hazleton		US	PA	1
Hadagalli		IN	19	1
Harvey		US	IL	1
Homewood		US	AL	1
Hermanus		ZA	11	1
Herblay		FR	11	1
Himamaylan		PH	06	1
Hannoversch Münden	Hannoversch Muenden	DE	06	1
Hattersheim		DE	05	1
Hoensbroek		NL	05	1
Hastings		US	NE	1
Haysyn		UA	23	1
Hosdurga		IN	19	1
Holly Springs		US	NC	1
Hjørring	Hjorring	DK	19	1
Holbæk	Holbaek	DK	20	1
Hakui		JP	15	1
Hobaramachi		JP	08	1
Havlíčkův Brod	Havlickuv Brod	CZ	80	1
Huntley		US	IL	1
Hérouville-Saint-Clair	Herouville-Saint-Clair	FR	28	1
Homer Glen		US	IL	1
Harsewinkel		DE	07	1
Hindley		GB	ENG	1
Haaksbergen		NL	15	1
Hastināpur	Hastinapur	IN	36	1
Hercules		US	CA	1
Hisor		TJ	RR	1
Holt		US	MI	1
Hlohovec		SK	07	1
Haenam		KR	16	1
Hunt Valley		US	MD	1
Hwacheon		KR	06	1
Hampton Park		AU	07	1
Highland		US	IN	1
Hajdúszoboszló	Hajduszoboszlo	HU	10	1
Ḩalfāyā	Halfaya	SY	10	1
Herzogenaurach		DE	02	1
Hazebrouck		FR	32	1
Herndon		US	VA	1
Heanor		GB	ENG	1
Hacıqabul	Haciqabul	AZ	23	1
Hanwella Ihala		LK	36	1
Hamme		BE	VLG	1
Hennenman		ZA	03	1
Hinjilikatu		IN	21	1
Hino		JP	35	1
Hatvan		HU	11	1
Hell-Ville		MG	7670842	1
Hadyach		UA	18	1
Hopewell		US	VA	1
Haren		DE	06	1
Hirado		JP	27	1
Haverhill		GB	ENG	1
Hamtramck		US	MI	1
Holiday		US	FL	1
Hunucmá	Hunucma	MX	31	1
Hingorja		PK	05	1
Hudson		US	OH	1
Hastings		US	MN	1
Hajnówka	Hajnowka	PL	81	1
Hillside		US	NJ	1
Hagere Maryam		ET	51	1
Heavitree		GB	ENG	1
Hoxtolgay		CN	13	1
Hlybokaye		BY	07	1
Halden		NO	13	1
Heredia		CR	04	1
Hellevoetsluis		NL	11	1
Huetamo de Núñez	Huetamo de Nunez	MX	16	1
Hohen Neuendorf		DE	11	1
Herriman		US	UT	1
Huamachuco		PE	13	1
Huejotzingo		MX	21	1
Hialeah Gardens		US	FL	1
Hamina		FI	08	1
Heniches’k	Heniches'k	UA	08	1
Hadley Wood		GB	ENG	1
Haliyal		IN	19	1
Heroica Alvarado		MX	30	1
Havza		TR	55	1
Huskvarna		SE	08	1
Hoogezand		NL	04	1
Horley		GB	ENG	1
Hawthorn South		AU	07	1
Hacılar	Hacilar	TR	38	1
Herborn		DE	05	1
Hoeyang		KP	09	1
Ḩalḩūl	Halhul	PS	WE	1
Halle		DE	07	1
Huntingdon		GB	ENG	1
Hendrik-Ido-Ambacht		NL	11	1
Holzminden		DE	06	1
Hauppauge		US	NY	1
Heinola		FI	07	1
Husum		DE	10	1
Haderslev		DK	21	1
Hukeri		IN	19	1
Haßloch	Hassloch	DE	08	1
Hiddenhausen		DE	07	1
Havelock		US	NC	1
Huaura		PE	15	1
Hockenheim		DE	01	1
Heide		DE	10	1
Harwich		GB	ENG	1
Haines City		US	FL	1
Hays		US	KS	1
Heiloo		NL	07	1
Harūr	Harur	IN	25	1
Hollola		FI	07	1
Humacao		PR	069	1
Harvey		US	LA	1
Haldensleben I		DE	14	1
Hedaru		TZ	06	1
Haiger		DE	05	1
Halluin		FR	32	1
Hessisch Oldendorf		DE	06	1
Hadim		TR	71	1
Hythe		GB	ENG	1
Hammond		US	LA	1
Heusweiler		DE	09	1
Hakha		MM	02	1
Huy		BE	WAL	1
Hayesville		US	OR	1
Hörstel	Hoerstel	DE	07	1
Hornsby		AU	02	1
Hayrabolu		TR	59	1
Holtsville		US	NY	1
Hem		FR	32	1
Hailsham		GB	ENG	1
Hranice		CZ	84	1
Huntsville		CA	08	1
Herceg-Novi		ME	08	1
Hermosa Beach		US	CA	1
Hazel Dell		US	WA	1
Harstad		NO	18	1
Hechingen		DE	01	1
Horsforth		GB	ENG	1
Homewood		US	IL	1
Hernani		ES	59	1
Hamīrpur	Hamirpur	IN	11	1
Haslett		US	MI	1
Herent		BE	VLG	1
Haren		NL	04	1
Hungund		IN	19	1
Hacı Zeynalabdin	Haci Zeynalabdin	AZ	54	1
Heusenstamm		DE	05	1
Hallein		AT	05	1
Hook		GB	ENG	1
Hārij	Harij	IN	09	1
Hūn	Hun	LY	64	1
Hebburn		GB	ENG	1
Hawthorne		US	NJ	1
Horwich		GB	ENG	1
Haldaur		IN	36	1
Huanta		PE	05	1
Hrubieszów	Hrubieszow	PL	75	1
Hinche		HT	07	1
Half Way Tree		JM	08	1
Hoogstraten		BE	VLG	1
Haibara-akanedai		JP	28	1
Hemmingen		DE	06	1
Heerde		NL	03	1
Hillegom		NL	11	1
Honāvar	Honavar	IN	19	1
Hadleigh		GB	ENG	1
Humanes de Madrid		ES	29	1
Herval		BR	23	1
Huntington		US	NY	1
Hajdúnánás	Hajdunanas	HU	10	1
Handlová	Handlova	SK	04	1
Hampton		GB	ENG	1
Hanahan		US	SC	1
Hedge End		GB	ENG	1
Hang Dong		TH	02	1
Hannibal		US	MO	1
Handiā	Handia	IN	36	1
Holzwickede		DE	07	1
Harpālpur	Harpalpur	IN	35	1
Horten		NO	20	1
Halver		DE	07	1
Huércal-Overa	Huercal-Overa	ES	51	1
Hazorasp		UZ	05	1
Hopkins		US	MN	1
Heiligensee		DE	16	1
Haar		DE	02	1
Hyattsville		US	MD	1
Heroica Ciudad de Tlaxiaco		MX	20	1
Hopa		TR	08	1
Howard		US	WI	1
Huilango		MX	15	1
Huntington		US	IN	1
Hummelsbüttel	Hummelsbuettel	DE	04	1
Howli		IN	03	1
Haydock		GB	ENG	1
Haukipudas		FI	17	1
Heilbad Heiligenstadt		DE	15	1
Haaltert		BE	VLG	1
Horodok		UA	09	1
Horasan		TR	25	1
Hässleholm	Hassleholm	SE	27	1
Hochheim am Main		DE	05	1
Holden		US	MA	1
Härnösand	Haernoesand	SE	24	1
Hilvan		TR	63	1
Hanover		US	MA	1
Hînceşti	Hincesti	MD	77	1
Hashtrūd	Hashtrud	IR	33	1
Hayling Island		GB	ENG	1
Hinsdale		US	IL	1
Helena		US	AL	1
Heidenau		DE	13	1
Honnāli	Honnali	IN	19	1
Hermiston		US	OR	1
High Blantyre		GB	SCT	1
Harsūd	Harsud	IN	35	1
Horizon City		US	TX	1
Hirekerūr	Hirekerur	IN	19	1
Huai Yot		TH	65	1
Hille		DE	07	1
Herve		BE	WAL	1
Hohenstein-Ernstthal		DE	13	1
Herzele		BE	VLG	1
Harringay		GB	ENG	1
Hillcrest Heights		US	MD	1
Hilchenbach		DE	07	1
Hofgeismar		DE	05	1
Hulyaypole		UA	26	1
Hazel Park		US	MI	1
Hückeswagen	Hueckeswagen	DE	07	1
Hibbing		US	MN	1
Hillside		AU	07	1
Hünfeld	Huenfeld	DE	05	1
Hochfeld		DE	07	1
Hopatcong Hills		US	NJ	1
Hermitage		US	PA	1
Halstenbek		DE	10	1
Huarmey		PE	02	1
Harlingen		NL	02	1
Hermsdorf		DE	16	1
Hueytown		US	AL	1
Hola Prystan’	Hola Prystan'	UA	08	1
Hoge Vucht		NL	06	1
Horodok		UA	15	1
Hājo	Hajo	IN	03	1
Horgen		CH	ZH	1
Hövelhof	Hovelhof	DE	07	1
Hettstedt		DE	14	1
Harenkarspel		NL	07	1
Hendrina		ZA	07	1
Hoyland Nether		GB	ENG	1
Hybla Valley		US	VA	1
Highland Springs		US	VA	1
Haubourdin		FR	32	1
Harnoli		PK	04	1
Hale		GB	ENG	1
Hude		DE	06	1
Hautmont		FR	32	1
Hayvoron		UA	10	1
Highland		US	UT	1
Hayange		FR	44	1
Huanuni		BO	05	1
Holalkere		IN	19	1
Herisau		CH	AR	1
Hereford		US	TX	1
Henderson		US	NC	1
Hale		GB	ENG	1
Hizan		TR	13	1
Ham Lake		US	MN	1
Hanover		US	PA	1
Hazel Grove		GB	ENG	1
Hidalgo		MX	19	1
Hats’avan	Hats'avan	AM	08	1
Haslingden		GB	ENG	1
Holzkirchen		DE	02	1
Hope Mills		US	NC	1
Highview		US	KY	1
Hopatcong		US	NJ	1
Hindoria		IN	35	1
Humble		US	TX	1
Hilvarenbeek		NL	06	1
Humboldtkolonie		DE	07	1
Hatton		LK	29	1
Horodyshche		UA	01	1
Highland Village		US	TX	1