İstanbul	Istanbul	TR	34	744
Ibadan		NG	32	237
Incheon		KR	12	175
İzmir	Izmir	TR	35	166
Indore		IN	35	122
Iztapalapa		MX	09	121
Isfahan		IR	28	103
Indianapolis		US	IN	55
Ilorin		NG	30	54
Ipoh		MY	07	44
Izhevsk		RU	80	42
Islamabad		PK	08	40
Irkutsk		RU	20	39
Iquitos		PE	16	29
Ibagué	Ibague	CO	28	28
Ivanovo		RU	21	28
Iloilo		PH	06	25
Iztacalco		MX	09	25
Iwaki		JP	08	23
Ixtapaluca		MX	15	23
Irapuato		MX	11	22
Itaquaquecetuba		BR	27	22
Islington		GB	ENG	21
Iaşi	Iasi	RO	23	21
Ikeja		NG	05	20
Iligan City		PH	12	20
Irbid		JO	18	20
Ironville		US	KY	19
Ismailia		EG	07	18
Ichihara		JP	04	18
Iksan		KR	03	18
Itagüí	Itaguei	CO	02	18
Ichinomiya		JP	01	18
Ilesa		NG	42	18
Ichalkaranji		IN	16	18
Ibaraki		JP	32	18
Ikot Ekpene		NG	21	16
Iwo		NG	42	16
Ica		PE	11	16
Ibb		YE	23	15
Ipatinga		BR	15	15
Iquique		CL	15	15
Imphal		IN	17	14
Ikire		NG	42	14
Imperatriz		BR	13	14
Irving		US	TX	14
Imus		PH	40	14
Irvine		US	CA	14
Ijebu-Ode		NG	16	13
Itabuna		BR	05	13
Ivano-Frankivs’k	Ivano-Frankivs'k	UA	06	13
Itapevi		BR	27	13
İzmit	Izmit	TR	41	13
Icheon-si		KR	13	13
Itami		JP	13	12
Ise-Ekiti		NG	54	12
Izumi		JP	32	12
Itaboraí	Itaborai	BR	21	12
Indaiatuba		BR	27	11
Ila Orangun		NG	42	11
Isparta		TR	33	11
Ingrāj Bāzār	Ingraj Bazar	IN	28	11
Ijero-Ekiti		NG	54	11
Inisa		NG	42	10
İskenderun	Iskenderun	TR	31	10
Itajaí	Itajai	BR	26	10
Ilhéus	Ilheus	BR	05	10
Itapecerica da Serra		BR	27	10
Ipswich		GB	ENG	9
Ibirité	Ibirite	BR	15	9
Īlām	Ilam	IR	10	9
Itu		BR	27	9
Irákleion	Irakleion	GR	ESYE43	9
Igboho		NG	32	9
Ikirun		NG	42	8
İnegol	Inegol	TR	16	8
Idfū	Idfu	EG	16	8
Ibarra		EC	11	8
Īrānshahr	Iranshahr	IR	04	8
Isesaki		JP	10	8
Idlib		SY	12	8
Ivanovskoye		RU	48	8
Isiro		CD	09	8
Itapetininga		BR	27	8
Indramayu		ID	30	8
Ingolstadt		DE	02	8
Ilobu		NG	42	7
Ikoma		JP	28	7
Ishinomaki		JP	24	7
Independence		US	MO	7
Innsbruck		AT	07	7
Iguala de la Independencia		MX	12	7
Iringa		TZ	04	7
Inglewood		US	CA	7
Ijebu-Igbo		NG	16	7
Iwatsuki		JP	34	7
Iida		JP	26	7
Ilebo		CD	03	7
Idkū	Idku	EG	03	7
Iwakuni		JP	45	6
Izmaylovo		RU	47	6
Isehara		JP	19	6
Ikere-Ekiti		NG	54	6
Inazawa		JP	01	6
Itaguaí	Itaguai	BR	21	6
Itārsi	Itarsi	IN	35	6
Itabira		BR	15	6
Ikeda		JP	32	6
Iserlohn		DE	07	6
Isahaya		JP	27	6
Ise		JP	23	6
Iriga City		PH	05	6
Igbo-Ora		NG	32	6
Itanhaém	Itanhaem	BR	27	6
Isieke		NG	53	5
Izumo		JP	36	5
Iwata		JP	37	5
Ifo		NG	16	5
Igede-Ekiti		NG	54	5
Idanre		NG	48	5
Igarassu		BR	30	5
Ituiutaba		BR	15	5
Iwamizawa		JP	12	5
Ílion	Ilion	GR	ESYE31	5
Itaperuna		BR	21	5
Ihiala		NG	25	5
Izmayil		UA	17	5
Ipoti		NG	54	5
Ishurdi		BD	83	5
Itajubá	Itajuba	BR	15	5
Izumiōtsu	Izumiotsu	JP	32	5
Itumbiara		BR	29	5
Ikom		NG	22	5
Iizuka		JP	07	5
Ilioúpoli	Ilioupoli	GR	ESYE31	5
Ipiales		CO	20	5
Inowrocław	Inowroclaw	PL	73	5
Itaúna	Itauna	BR	15	5
Indio		US	CA	5
Iğdır	Igdir	TR	88	5
Igbo-Ukwu		NG	25	5
Igbara-Odo		NG	54	4
Inuyama		JP	09	4
Inhambane		MZ	03	4
Ilagan		PH	02	4
Itō	Ito	JP	37	4
Ijuí	Ijui	BR	23	4
Ishimbay		RU	08	4
Iguatu		BR	06	4
Isnā	Isna	EG	23	4
Idah		NG	41	4
Itatiba		BR	27	4
Iowa City		US	IA	4
Ishim		RU	78	4
I‘zāz	I`zaz	SY	09	4
Ioánnina	Ioannina	GR	ESYE21	4
Itauguá	Itaugua	PY	06	4
Itacoatiara		BR	04	4
Itaituba		BR	16	4
Imaichi		JP	38	4
Itabaiana		BR	28	4
Irecê	Irece	BR	05	4
Ichinoseki		JP	16	4
Itapeva		BR	27	4
Ina		JP	26	4
Iskitim		RU	53	4
Itapira		BR	27	4
Issy-les-Moulineaux		FR	11	4
Irvington		US	NJ	4
Ixtapa-Zihuatanejo		MX	12	4
Irun		ES	59	4
Itapetinga		BR	05	3
Imarichō-kō	Imaricho-ko	JP	33	3
Ivry-sur-Seine		FR	11	3
Ishikari		JP	12	3
Itoman		JP	47	3
Ilkal		IN	19	3
Idaho Falls		US	ID	3
Itapipoca		BR	06	3
Islāmpur	Islampur	IN	28	3
Iwade		JP	43	3
Ilha de Moçambique	Ilha de Mocambique	MZ	06	3
Illichivs’k	Illichivs'k	UA	17	3
Izyum		UA	07	3
Ilo		PE	18	3
Ipojuca		BR	30	3
Imola		IT	05	3
Istaravshan		TJ	03	3
Ishioka		JP	14	3
Ijebu-Jesa		NG	42	3
Irondequoit		US	NY	3
Idappadi		IN	25	3
Içara	Icara	BR	26	3
Ibshawāy	Ibshaway	EG	04	3
Ivanteyevka		RU	47	3
Ibbenbüren	Ibbenbueren	DE	07	3
Issia		CI	80	3
Inda Silasē	Inda Silase	ET	53	3
Irákleio	Irakleio	GR	ESYE31	3
Ifakara		TZ	10	3
Īstgāh-e Rāh Āhan-e Garmsār	Istgah-e Rah Ahan-e Garmsar	IR	25	3
I-n-Salah		DZ	53	3
Ibitinga		BR	27	3
Ibiza		ES	07	3
Iwakura		JP	01	3
Ithari		NP	ER	3
Itamaraju		BR	05	3
Itaberaba		BR	05	3
Invercargill		NZ	F8	3
Ilaro		NG	16	3
Inashiki		JP	14	3
Irati		BR	18	3
Iţsā	Itsa	EG	04	3
Iganga		UG	E	3
Itānagar	Itanagar	IN	30	2
Itararé	Itarare	BR	27	2
Ishigaki		JP	47	2
Ibiporã	Ibipora	BR	18	2
Istres		FR	93	2
Indaial		BR	26	2
Inhumas		BR	29	2
Imbituba		BR	26	2
Izúcar de Matamoros	Izucar de Matamoros	MX	21	2
Iwai		JP	14	2
Iwanuma		JP	24	2
Izberbash		RU	17	2
Irbit		RU	71	2
Indang		PH	40	2
Irpin		UA	13	2
Inverness		GB	SCT	2
Inongo		CD	01	2
Istok		XK	10097359	2
Itabirito		BR	15	2
Izumi		JP	18	2
Izobil’nyy	Izobil'nyy	RU	70	2
Igualada		ES	56	2
Ilopango		SV	10	2
Ipiaú	Ipiau	BR	05	2
Imperia		IT	08	2
Ilkeston		GB	ENG	2
Isfara		TJ	03	2
Imsil		KR	03	2
Ituverava		BR	27	2
Imam Qasim		IQ	06	2
Itapema		BR	26	2
Itu		NG	21	2
Izkī	Izki	OM	01	2
Igunga		TZ	17	2
Igatpuri		IN	16	2
Ieper		BE	VLG	2
Itapecuru Mirim		BR	13	2
Itaqui		BR	23	2
Itápolis	Itapolis	BR	27	2
Ibara		JP	31	2
Imishli		AZ	24	2
Indi		IN	19	2
IJsselstein		NL	09	2
Inver Grove Heights		US	MN	2
Ichchāpuram	Ichchapuram	IN	02	2
Indian Trail		US	NC	2
Istra		RU	47	2
Isiolo		KE	18	2
Itzehoe		DE	10	2
Ilhabela		BR	27	2
Irvine		GB	SCT	2
Iława	Ilawa	PL	85	2
Ixmiquilpan		MX	13	2
Ikongo		MG	7670906	2
Imperial		PE	15	2
Itapagé	Itapage	BR	06	2
İmamoğlu	Imamoglu	TR	81	2
Islāmpur	Islampur	IN	34	2
Isulan		PH	12	2
Idar-Oberstein		DE	08	2
Itaitinga		BR	06	2
Itoigawa		JP	29	2
Iyo		JP	05	2
Issaquah		US	WA	2
Ithaca		US	NY	2
Iturama		BR	15	1
Ibusuki		JP	18	1
Isawa		JP	46	1
Imatra		FI	09	1
Ibaté	Ibate	BR	27	1
Ingenio		ES	53	1
Inca		ES	07	1
Irinjālakuda	Irinjalakuda	IN	13	1
Ilula		TZ	04	1
Islāmnagar	Islamnagar	IN	36	1
Inkhil		SY	06	1
Ipatovo		RU	70	1
Igarapava		BR	27	1
Inozemtsevo		RU	70	1
Igrejinha		BR	23	1
Isakogorka		RU	06	1
Itogon		PH	15	1
Icó	Ico	BR	06	1
Iporá	Ipora	BR	29	1
Iskandar		UZ	14	1
Ilgın	Ilgin	TR	71	1
Illkirch-Graffenstaden		FR	44	1
Ipirá	Ipira	BR	05	1
Ilmenau		DE	15	1
Iba		PH	03	1
Igarapé Miri	Igarape Miri	BR	16	1
Indāpur	Indapur	IN	16	1
Ipu		BR	06	1
Ipís	Ipis	CR	08	1
Imzoûrene	Imzourene	MA	58	1
Itaperuçu	Itaperucu	BR	18	1
Ishii		JP	39	1
Izegem		BE	VLG	1
Iwŏn-ŭp	Iwon-up	KP	03	1
Imperial Beach		US	CA	1
Inđija	Ingija	RS	VO	1
Iradan		KG	09	1
Innoshima		JP	11	1
Ishqoshim		TJ	01	1
Ibaiti		BR	18	1
Itako		JP	14	1
Inkster		US	MI	1
Iiyama		JP	26	1
Ibrā’	Ibra'	OM	12	1
Ijūin	Ijuin	JP	18	1
Ilha Solteira		BR	27	1
Itsukaichi		JP	40	1
Ishige		JP	14	1
Igurusi		TZ	09	1
Iturrama		ES	32	1
Independence		US	KY	1
Igbeti		NG	32	1
Iringal		IN	13	1
Ivatsevichy		BY	01	1
Immokalee		US	FL	1
Igarapé Açu	Igarape Acu	BR	16	1
Ino		JP	20	1
Ibi		ES	60	1
Icod de los Vinos		ES	53	1
Ishiki		JP	01	1
Iguape		BR	27	1
Itambé	Itambe	BR	05	1
Ixtaczoquitlán	Ixtaczoquitlan	MX	30	1
Ilchester		US	MD	1
Injambakkam		IN	25	1
Ivrea		IT	12	1
Isla Vista		US	CA	1
Il’skiy	Il'skiy	RU	38	1
İdil	Idil	TR	80	1
Ibiúna	Ibiuna	BR	27	1
Illapel		CL	07	1
Igugunu		TZ	16	1
Idstein		DE	05	1
Igaraçu do Tietê	Igaracu do Tiete	BR	27	1
Ibi		NG	43	1
Inglewood-Finn Hill		US	WA	1
Itimādpur	Itimadpur	IN	36	1
Iaçu	Iacu	BR	05	1
Iglesias		IT	14	1
Isernhagen Farster Bauerschaft		DE	06	1
Iisalmi		FI	11	1
Ishikawa		JP	47	1
Itaí	Itai	BR	27	1
İznik	Iznik	TR	16	1
Itaberaí	Itaberai	BR	29	1
Igra		RU	80	1
Iwase		JP	14	1
Ixtlán del Río	Ixtlan del Rio	MX	18	1
Igarapé	Igarape	BR	15	1
Isla Cristina		ES	51	1
Itupiranga		BR	16	1
Illescas		ES	54	1
Isaka		TZ	15	1
Impfondo		CG	06	1
Irosin		PH	05	1
Itupeva		BR	27	1
Isleworth		GB	ENG	1
Itaparica		BR	05	1
Ibirataia		BR	05	1
Ituberá	Itubera	BR	05	1
İskilip	Iskilip	TR	19	1
Inza		RU	81	1
Itigi		TZ	16	1
Itapuranga		BR	29	1
Ikungi		TZ	16	1
Imbituva		BR	18	1
Ibicaraí	Ibicarai	BR	05	1
Ives Estates		US	FL	1
Ishøj	Ishoj	DK	17	1
Irlam		GB	ENG	1
Ivdel’	Ivdel'	RU	71	1
Izalco		SV	13	1
Ipil		PH	09	1
Irugūr	Irugur	IN	25	1
Itabaiana		BR	17	1
Ilembula		TZ	30	1
Ishikawa		JP	08	1
Idhnā	Idhna	PS	WE	1
Ixtapa		MX	14	1
Iselin		US	NJ	1
Islip		US	NY	1
Ipameri		BR	29	1
İncirliova	Incirliova	TR	09	1
Ischia		IT	04	1
Isle of Lewis		GB	SCT	1
Illingen		DE	09	1
Itá	Ita	PY	06	1
Ibiá	Ibia	BR	15	1
Ibirama		BR	26	1
Ischia Porto		IT	04	1
Ivoti		BR	23	1
Itamarandiba		BR	15	1
Izazi		TZ	04	1
Izluchinsk		RU	32	1
Isser		DZ	40	1
Idenao		CM	09	1
Ipinda		TZ	09	1
Izyaslav		UA	09	1
Igbor		NG	26	1
Ixtapan de la Sal		MX	15	1
Ilovays’k	Ilovays'k	UA	05	1
Ifanadiana		MG	7670906	1
Itapemirim		BR	08	1
Ilām	Ilam	NP	ER	1
Illela		NG	51	1
Inawashiro		JP	08	1
Indergarh		IN	36	1
Ibotirama		BR	05	1
Ilongero		TZ	16	1
Itororó	Itororo	BR	05	1
Idylwood		US	VA	1
Ílhavo	Ilhavo	PT	02	1
Iperó	Ipero	BR	27	1
Itabaianinha		BR	28	1
Ipueiras		BR	06	1
Ihosy		MG	7670907	1
Isfana		KG	09	1
Isernia		IT	11	1
Iracemápolis	Iracemapolis	BR	27	1
Itaocara		BR	21	1
Itapecerica		BR	15	1
Illéla	Illela	NE	06	1
Itapissuma		BR	30	1
Ilanskiy		RU	91	1
Ippy		CF	11	1
Illertissen		DE	02	1
Ipubi		BR	30	1
Ilinden		MK	36	1
Itapaci		BR	29	1
Ilave		PE	21	1
Issoire		FR	84	1
Ipaba		BR	15	1
Indri		IN	10	1
Iperu		NG	16	1
Isabela		PH	06	1
Ikedachō	Ikedacho	JP	39	1
Itaporanga		BR	17	1
Ichinohe		JP	16	1
Itatinga		BR	27	1
Ikalamavony		MG	7670905	1
Iwanai		JP	12	1
Ibeto		NG	31	1
Itajuípe	Itajuipe	BR	05	1
Illzach		FR	44	1
Iona		US	FL	1
Isanlu-Itedoijowa		NG	41	1
Ighram		DZ	14	1