Ecatepec		MX	15	120
Erbil		IQ	11	62
Edmonton		CA	01	47
Enugu		NG	47	45
El Paso		US	TX	43
Essen		DE	07	39
Ebute Ikorodu		NG	05	35
Esenler		TR	34	34
Eskişehir	Eskisehir	TR	26	34
East London		ZA	05	31
Edinburgh		GB	SCT	29
East Jerusalem		PS	WE	28
Erzurum		TR	25	28
El Obeid		SD	56	26
Etobicoke		CA	08	23
Elazığ	Elazig	TR	23	19
Effon Alaiye		NG	42	18
El Daein		SD	60	17
Eixample		ES	56	17
Etāwah	Etawah	IN	36	17
Espoo		FI	01	17
Ensenada		MX	02	17
El Fasher		SD	55	16
Eimsbüttel	Eimsbuettel	DE	04	16
Elche		ES	60	15
Embu		BR	27	14
Eldoret		KE	52	14
Esenyurt		TR	34	14
Eindhoven		NL	06	13
Erfurt		DE	15	13
Edéa	Edea	CM	05	13
Engel’s	Engel's	RU	67	13
Ezhou		CN	12	12
Ellore		IN	02	12
East New York		US	NY	11
Ech Chettia		DZ	41	11
Eloy Alfaro		EC	10	11
Esmeraldas		EC	09	11
Envigado		CO	02	10
El Achir		DZ	39	10
Eugene		US	OR	10
East Chattanooga		US	TN	10
Enschede		NL	15	10
Elk Grove		US	CA	10
El Tigre		VE	02	10
El Limón	El Limon	VE	04	9
East Hampton		US	VA	9
El Jadida		MA	51	9
Erode		IN	25	9
Elektrostal’	Elektrostal'	RU	47	9
Escondido		US	CA	9
eMbalenhle		ZA	07	9
Ejigbo		NG	42	9
El Oued		DZ	43	8
Ebetsu		JP	12	8
El Eulma		DZ	12	8
Elbląg	Elblag	PL	85	8
East Los Angeles		US	CA	8
Edirne		TR	22	8
Elizabeth		US	NJ	8
Epworth		ZW	10	8
Ekibastuz		KZ	11	8
Evansville		US	IN	7
Erzincan		TR	24	7
El Monte		US	CA	7
Exeter		GB	ENG	7
Eastbourne		GB	ENG	7
Esuk Oron		NG	21	7
Encheng		CN	30	7
East Independence		US	MO	7
Enterprise		US	NV	7
Elgin		US	IL	7
Elista		RU	24	7
Ejido		VE	14	7
Enfield Town		GB	ENG	6
Ed Damer		SD	53	6
Esmeraldas		BR	15	6
Escuintla		GT	06	6
Everett		US	WA	6
Erlangen		DE	02	6
Edison		US	NJ	6
Erie		US	PA	6
Elbasan		AL	43	6
El Progreso		HN	18	6
El Cajon		US	CA	6
Estelí	Esteli	NI	05	6
Erechim		BR	23	6
Enshi		CN	12	6
Esslingen		DE	01	6
Ereğli	Eregli	TR	71	6
Erciş	Ercis	TR	65	6
Emure-Ekiti		NG	54	6
Ereğli	Eregli	TR	85	5
Ébolowa	Ebolowa	CM	14	5
El Puerto de Santa María	El Puerto de Santa Maria	ES	51	5
Enchanted Hills		US	NM	5
Effium		NG	53	5
Esteio		BR	23	5
Epe		NG	05	5
Eisen		KR	14	5
East Norwalk		US	CT	5
El Ejido		ES	51	5
El Khroub		DZ	04	5
Edmond		US	OK	5
Emmiganūr	Emmiganur	IN	02	5
Elbistan		TR	46	5
El Cafetal		VE	15	5
Erdenet		MN	25	5
Ende		ID	18	5
Edinburg		US	TX	5
Embu Guaçu	Embu Guacu	BR	27	5
Encarnación	Encarnacion	PY	11	4
Evanston		US	IL	4
East Kilbride		GB	SCT	4
Esbjerg		DK	21	4
El Pueblito		MX	22	4
Ejura		GH	02	4
Eha Amufu		NG	47	4
Essaouira		MA	47	4
Enugu-Ukwu		NG	25	4
Es Senia		DZ	09	4
Ellesmere Port		GB	ENG	4
Ede		NL	03	4
Ezza-Ohu		NG	53	4
Eau Claire		US	WI	4
Ellicott City		US	MD	4
Estepona		ES	51	4
El Bayadh		DZ	42	4
East Orange		US	NJ	4
Eagan		US	MN	4
El Prat de Llobregat		ES	56	4
Entebbe		UG	C	4
Érd	Erd	HU	16	4
El Hamma		TN	29	4
Eiguliai		LT	57	4
Erdaojiang		CN	05	4
Eden Prairie		US	MN	4
Esfarāyen	Esfarayen	IR	43	3
Ekpoma		NG	37	3
Encinitas		US	CA	3
El Vigía	El Vigia	VE	14	3
Eskilstuna		SE	18	3
Évreux	Evreux	FR	28	3
El Hatillo		VE	15	3
Emmen		NL	01	3
Eger		HU	11	3
Espinal		CO	28	3
Eisen		KR	14	3
Ezhva		RU	34	3
Energodar		UA	26	3
Eschweiler		DE	07	3
Ełk	Elk	PL	85	3
Estância	Estancia	BR	28	3
Évora	Evora	PT	08	3
Eminönü	Eminoenue	TR	34	3
Etāwa	Etawa	IN	35	3
Elda		ES	60	3
Euskirchen		DE	07	3
Elyria		US	OH	3
El Banco		CO	38	3
Eastleigh		GB	ENG	3
East Pensacola Heights		US	FL	3
Ercolano		IT	04	3
El Viejo		NI	03	3
El Tocuyo		VE	13	3
Ergani		TR	21	3
Esher		GB	ENG	3
Erbaa		TR	60	3
Évry	Evry	FR	11	3
Emden		DE	06	3
Euless		US	TX	3
East Hartford		US	CT	3
Erftstadt		DE	07	3
Elkhart		US	IN	3
Ejmiatsin		AM	03	3
Enid		US	OK	3
eSikhawini		ZA	02	3
Euclid		US	OH	3
Elmshorn		DE	10	3
East Lansing		US	MI	3
East Brunswick		US	NJ	3
Escada		BR	30	3
El Kef		TN	14	3
El Carmen de Bolívar	El Carmen de Bolivar	CO	35	3
Edina		US	MN	3
Erkrath		DE	07	3
East Providence		US	RI	3
Esplugues de Llobregat		ES	56	3
El Hadjar		DZ	37	3
Erdemli		TR	32	3
Emmeloord		NL	16	3
Épinay-sur-Seine	Epinay-sur-Seine	FR	11	3
Eilat		IL	01	3
Enfield		US	CT	3
Erkelenz		DE	07	2
Elmhurst		US	IL	2
Eisenach		DE	15	2
El Attaf		DZ	35	2
Echo Park		US	CA	2
El Affroun		DZ	55	2
East Concord		US	NH	2
El Centro		US	CA	2
Esperanza		DO	27	2
El Dorado Hills		US	CA	2
Eberswalde		DE	11	2
Everett		US	MA	2
Ermelo		ZA	07	2
Enjitsu		KR	14	2
El Bagre		CO	02	2
Edremit		TR	10	2
Écija	Ecija	ES	51	2
Estância Velha	Estancia Velha	BR	23	2
Ewell		GB	ENG	2
El Hadjira		DZ	50	2
Edmonds		US	WA	2
Épinal	Epinal	FR	44	2
Ermesinde		PT	17	2
El Abiodh Sidi Cheikh		DZ	42	2
Essex		US	MD	2
Escalante		PH	06	2
Ettlingen		DE	01	2
Errenteria		ES	59	2
El Idrissia		DZ	22	2
Empalme		MX	26	2
El Cerrito		CO	29	2
East Meadow		US	NY	2
Emiliano Zapata		MX	17	2
Ellenabad		IN	10	2
Ekangala		ZA	06	2
Espírito Santo do Pinhal	Espirito Santo do Pinhal	BR	27	2
Eusébio	Eusebio	BR	06	2
Eccles		GB	ENG	2
Eqbālīyeh	Eqbaliyeh	IR	26	2
Ewing		US	NJ	2
Esperanza		AR	21	2
El Vendrell		ES	56	2
East Florence		US	AL	2
Emsdetten		DE	07	2
El Kala		DZ	44	2
Egypt Lake-Leto		US	FL	2
El Aïoun	El Aioun	MA	54	2
Embu		KE	15	2
Esposende		PT	04	2
Esposende		PT	04	2
Empoli		IT	16	2
East Point		US	GA	2
Erding		DE	02	2
Erāttupetta	Erattupetta	IN	13	2
Epe		NL	03	2
Elmont		US	NY	2
Elk Grove Village		US	IL	2
Échirolles	Echirolles	FR	84	2
Esik		KZ	01	2
Eṭ Ṭaiyiba	Et Taiyiba	IL	02	2
Exmouth		GB	ENG	2
El Aouinet		DZ	29	2
Egra		IN	28	2
Ennepetal		DE	07	2
Eastpointe		US	MI	2
El Triunfo		EC	10	2
Epping		AU	07	2
Eisenhüttenstadt	Eisenhuettenstadt	DE	11	2
el hed		DZ	18	2
El Mirage		US	AZ	2
Evergem		BE	VLG	2
East Lake		US	FL	2
Erandol		IN	16	2
Elūr	Elur	IN	13	2
Élancourt	Elancourt	FR	11	2
Eldersburg		US	MD	2
Englewood		US	CO	2
Eidelstedt		DE	04	2
East Hill-Meridian		US	WA	1
Euclides da Cunha		BR	05	1
East Chicago		US	IN	1
Egham		GB	ENG	1
Emmerich		DE	07	1
East Haven		US	CT	1
Elmira		US	NY	1
Evans		US	GA	1
Esztergom		HU	12	1
El Abadia		DZ	35	1
El Charco		CO	20	1
Elizabethtown		US	KY	1
Esquel		AR	04	1
Escuinapa de Hidalgo		MX	25	1
Esch-sur-Alzette		LU	03	1
Escárcega	Escarcega	MX	04	1
East Palo Alto		US	CA	1
El Hajeb		MA	48	1
Ermont		FR	11	1
Empangeni		ZA	02	1
Einbeck		DE	06	1
Erraguntla		IN	02	1
Eibar		ES	59	1
Entre Rios		BR	05	1
Eureka		US	CA	1
Englewood		US	NJ	1
Épernay	Epernay	FR	44	1
Epsom		GB	ENG	1
East Saint Louis		US	IL	1
Emmen		CH	LU	1
Easton		US	PA	1
Enterprise		US	AL	1
East Grinstead		GB	ENG	1
el Campello		ES	60	1
Ermelo		NL	03	1
El Amria		DZ	36	1
Esquina		AR	06	1
Espelkamp		DE	07	1
Erzin		TR	31	1
Eagle Pass		US	TX	1
Emmendingen		DE	01	1
Eboli		IT	04	1
Elamanchili		IN	02	1
Encrucijada		CU	16	1
Ehingen		DE	01	1
El Kseur		DZ	18	1
Eket		NG	21	1
Edgewood		US	MD	1
Elmina		GH	04	1
Ekazhevo		RU	19	1
Elmadağ	Elmadag	TR	68	1
Emiliano Zapata		MX	15	1
Ellwangen		DE	01	1
Enzan		JP	46	1
Endeavour Hills		AU	07	1
Emporia		US	KS	1
En Nâqoûra	En Naqoura	LB	06	1
Elefsína	Elefsina	GR	ESYE31	1
Elmwood Park		US	IL	1
Ebebiyin		GQ	07	1
Eagle River		US	AK	1
Ennis		IE	M	1
Edwardsville		US	IL	1
Erandio		ES	59	1
Estrela		BR	23	1
Eaubonne		FR	11	1
Embarcación	Embarcacion	AR	17	1
Emet		TR	43	1
Estoril		PT	14	1
El Cerrito		US	CA	1
Easton		US	MA	1
East Peoria		US	IL	1
Eckernförde	Eckernfoerde	DE	10	1
El Monte		CL	12	1
Étampes	Etampes	FR	11	1
Enna		IT	15	1
Eravur Town		LK	37	1
Elk River		US	MN	1
Edineţ	Edinet	MD	73	1
East Lake-Orient Park		US	FL	1
Eminābād	Eminabad	PK	04	1
Erdek		TR	10	1
Evesham		GB	ENG	1
Estero		US	FL	1
El Salto		MX	14	1
East Patchogue		US	NY	1
El Masnou		ES	56	1
Eséka	Eseka	CM	11	1
Elsdorf		DE	07	1
Encarnación de Díaz	Encarnacion de Diaz	MX	14	1
Esparreguera		ES	56	1
Elburg		NL	03	1
Edegem		BE	VLG	1
Eagle Mountain		US	UT	1
Eysines		FR	75	1
East Moline		US	IL	1
Elgin		GB	SCT	1
Eschwege		DE	05	1
Eppingen		DE	01	1
Esperantina		BR	20	1
El Grullo		MX	14	1
East Ridge		US	TN	1
East Millcreek		US	UT	1
Edosaki		JP	14	1
Engelskirchen		DE	07	1
Edgewater		US	FL	1
Elektrogorsk		RU	47	1
Ennigerloh		DE	07	1
Esquipulas		GT	04	1
Edewecht		DE	06	1
Elele		NG	50	1
Ensley		US	FL	1
Eislingen		DE	01	1
Elst		NL	03	1
Eschborn		DE	05	1
El Tarf		DZ	44	1
Esmeralda		CU	05	1
East Northport		US	NY	1
Emirdağ	Emirdag	TR	03	1
El Jem		TN	15	1
Elektrougli		RU	47	1
Easley		US	SC	1
Eagle		US	ID	1
Entroncamento		PT	18	1
Evergreen Park		US	IL	1
Enger		DE	07	1
Eitorf		DE	07	1
Enköping	Enkoping	SE	21	1
El Soberbio		AR	14	1
Eastchester		US	NY	1
Echuca		AU	07	1
Écully	Ecully	FR	84	1
El Malah		DZ	36	1
Elói Mendes	Eloi Mendes	BR	15	1
Elmwood Park		US	NJ	1
El Arahal		ES	51	1
El Bauga		SD	53	1
Eeklo		BE	VLG	1
East Massapequa		US	NY	1
Enugu-Ezike		NG	47	1
Epping		AU	02	1
Eyl		SO	18	1
El Dorado		US	AR	1
Équeurdreville-Hainneville	Equeurdreville-Hainneville	FR	28	1
Esplanada		BR	05	1
Essendon		AU	07	1
Esperança	Esperanca	BR	17	1
El Paraíso	El Paraiso	HN	07	1
Eleşkirt	Eleskirt	TR	04	1
Embi		KZ	04	1
Elizabeth City		US	NC	1
Édessa	Edessa	GR	ESYE12	1
Eastwood		GB	ENG	1
Emiliano Zapata		MX	05	1
Eastlake		US	OH	1
East Molesey		GB	ENG	1
Eustis		US	FL	1
Emsworth		GB	ENG	1
Evans		US	CO	1
Ennis		US	TX	1
El Viso del Alcor		ES	51	1
Ebbw Vale		GB	WLS	1
Elko		US	NV	1
Eersel		NL	06	1
East Dereham		GB	ENG	1
Ellensburg		US	WA	1
Eltham		AU	07	1
El Copey		CO	10	1
Erie		US	CO	1
El Fahs		TN	37	1
Erlanger		US	KY	1
Eppelborn		DE	09	1
Eupen		BE	WAL	1
Extremoz		BR	22	1
Engadine		AU	02	1
East Cleveland		US	OH	1
Enem		RU	01	1
Estreito		BR	13	1
Egbe		NG	41	1
Eilenburg		DE	13	1
Espinosa		BR	15	1
East Hemet		US	CA	1
Enkhuizen		NL	07	1
El Astillero		ES	39	1
Ejea de los Caballeros		ES	52	1
Ellinikó	Elliniko	GR	ESYE31	1
Elbeuf		FR	28	1
Eğirdir	Egirdir	TR	33	1
Encruzilhada do Sul		BR	23	1
Eirunepé	Eirunepe	BR	04	1
Ermitagaña	Ermitagana	ES	32	1
East Setauket		US	NY	1
Ermenek		TR	78	1
Eutin		DE	10	1
Eltville		DE	05	1
Essen		BE	VLG	1
El Reno		US	OK	1
El Segundo		US	CA	1
Edmundston		CA	04	1
Encantado		BR	23	1
Eloy		US	AZ	1
Easthampton		US	MA	1
Elmalı	Elmali	TR	07	1
Earlwood		AU	02	1
Eibergen		NL	03	1
El Crucero		NI	10	1
Erba		IT	09	1
Erenhot		CN	20	1
Estelle		US	LA	1
Ermua		ES	59	1
El Alia		TN	18	1
Erwitte		DE	07	1
Easton		US	MD	1
Ebersbach an der Fils		DE	01	1
El Retén	El Reten	CO	38	1
Embalse		AR	05	1
Eslöv	Eslov	SE	27	1
El Estor		GT	09	1
El Tejar		GT	03	1
Ezine		TR	17	1
Eberbach		DE	01	1
Er Reina		IL	03	1
Elkridge		US	MD	1
Esparza		CR	07	1
Earlsfield		GB	ENG	1
El Bolsón	El Bolson	AR	16	1
Eden		US	NC	1
East Riverdale		US	MD	1
Elkton		US	MD	1
Erskine		GB	SCT	1
Éragny	Eragny	FR	11	1
Eggenstein-Leopoldshafen		DE	01	1
El Palmar		GT	13	1
East Rancho Dominguez		US	CA	1
East Brainerd		US	TN	1
East Longmeadow		US	MA	1
Espiye		TR	28	1
Eggertsville		US	NY	1