[{
	"target": {"name": "M1", "alt":"" },
	"ra": { "decimal": 83.6330833, "h":"05", "m":"34", "s":"31.940" },
	"dec": { "decimal": 22.0145000, "d": "+22", "m":"00", "s":"52.200" }
},{
	"target": {"name": "M2", "alt":"" },
	"ra": { "decimal": 323.3625833, "h":"21", "m":"33", "s":"27.020" },
	"dec": { "decimal": -0.8232500, "d": "-00", "m":"49", "s":"23.700" }
},{
	"target": {"name": "M3", "alt":"" },
	"ra": { "decimal": 205.5484167, "h":"13", "m":"42", "s":"11.620" },
	"dec": { "decimal": 28.3772778, "d": "+28", "m":"22", "s":"38.200" }
},{
	"target": {"name": "M4", "alt":"" },
	"ra": { "decimal": 245.8967500, "h":"16", "m":"23", "s":"35.220" },
	"dec": { "decimal": -26.5257500, "d": "-26", "m":"31", "s":"32.700" }
},{
	"target": {"name": "M5", "alt":"" },
	"ra": { "decimal": 229.6384167, "h":"15", "m":"18", "s":"33.220" },
	"dec": { "decimal": 2.0810278, "d": "+02", "m":"04", "s":"51.700" }
},{
	"target": {"name": "M6", "alt":"" },
	"ra": { "decimal": 265.0833000, "h":"17", "m":"40", "s":"19.992" },
	"dec": { "decimal": -32.2533000, "d": "-32", "m":"15", "s":"11.880" }
},{
	"target": {"name": "M7", "alt":"" },
	"ra": { "decimal": 268.4625000, "h":"17", "m":"53", "s":"51.000" },
	"dec": { "decimal": -34.7933000, "d": "-34", "m":"47", "s":"35.880" }
},{
	"target": {"name": "M8", "alt":"" },
	"ra": { "decimal": 270.9042000, "h":"18", "m":"03", "s":"37.008" },
	"dec": { "decimal": -24.3867000, "d": "-24", "m":"23", "s":"12.120" }
},{
	"target": {"name": "M9", "alt":"" },
	"ra": { "decimal": 259.7990833, "h":"17", "m":"19", "s":"11.780" },
	"dec": { "decimal": -18.5162500, "d": "-18", "m":"30", "s":"58.500" }
},{
	"target": {"name": "M10", "alt":"" },
	"ra": { "decimal": 254.2877083, "h":"16", "m":"57", "s":"09.050" },
	"dec": { "decimal": -4.1003056, "d": "-04", "m":"06", "s":"01.100" }
},{
	"target": {"name": "M11", "alt":"" },
	"ra": { "decimal": 282.7708000, "h":"18", "m":"51", "s":"04.992" },
	"dec": { "decimal": -6.2700000, "d": "-06", "m":"16", "s":"12.000" }
},{
	"target": {"name": "M12", "alt":"" },
	"ra": { "decimal": 251.8090833, "h":"16", "m":"47", "s":"14.180" },
	"dec": { "decimal": -1.9485278, "d": "-01", "m":"56", "s":"54.700" }
},{
	"target": {"name": "M13", "alt":"" },
	"ra": { "decimal": 250.4234750, "h":"16", "m":"41", "s":"41.634" },
	"dec": { "decimal": 36.4613194, "d": "+36", "m":"27", "s":"40.750" }
},{
	"target": {"name": "M14", "alt":"" },
	"ra": { "decimal": 264.4006250, "h":"17", "m":"37", "s":"36.150" },
	"dec": { "decimal": -3.2459167, "d": "-03", "m":"14", "s":"45.300" }
},{
	"target": {"name": "M15", "alt":"" },
	"ra": { "decimal": 322.4930417, "h":"21", "m":"29", "s":"58.330" },
	"dec": { "decimal": 12.1670000, "d": "+12", "m":"10", "s":"01.200" }
},{
	"target": {"name": "M16", "alt":"" },
	"ra": { "decimal": 274.7000000, "h":"18", "m":"18", "s":"48.000" },
	"dec": { "decimal": -13.8067000, "d": "-13", "m":"48", "s":"24.120" }
},{
	"target": {"name": "M17", "alt":"" },
	"ra": { "decimal": 275.1958000, "h":"18", "m":"20", "s":"46.992" },
	"dec": { "decimal": -16.1717000, "d": "-16", "m":"10", "s":"18.120" }
},{
	"target": {"name": "M18", "alt":"" },
	"ra": { "decimal": 274.9917000, "h":"18", "m":"19", "s":"58.008" },
	"dec": { "decimal": -17.1017000, "d": "-17", "m":"06", "s":"06.120" }
},{
	"target": {"name": "M19", "alt":"" },
	"ra": { "decimal": 255.6570417, "h":"17", "m":"02", "s":"37.690" },
	"dec": { "decimal": -26.2679444, "d": "-26", "m":"16", "s":"04.600" }
},{
	"target": {"name": "M20", "alt":"" },
	"ra": { "decimal": 270.6750000, "h":"18", "m":"02", "s":"42.000" },
	"dec": { "decimal": -22.9717000, "d": "-22", "m":"58", "s":"18.120" }
},{
	"target": {"name": "M21", "alt":"" },
	"ra": { "decimal": 271.0542000, "h":"18", "m":"04", "s":"13.008" },
	"dec": { "decimal": -22.4900000, "d": "-22", "m":"29", "s":"24.000" }
},{
	"target": {"name": "M22", "alt":"" },
	"ra": { "decimal": 279.0997500, "h":"18", "m":"36", "s":"23.940" },
	"dec": { "decimal": -23.9047500, "d": "-23", "m":"54", "s":"17.100" }
},{
	"target": {"name": "M23", "alt":"" },
	"ra": { "decimal": 269.2667000, "h":"17", "m":"57", "s":"04.008" },
	"dec": { "decimal": -18.9850000, "d": "-18", "m":"59", "s":"06.000" }
},{
	"target": {"name": "M24", "alt":"" },
	"ra": { "decimal": 274.2000000, "h":"18", "m":"16", "s":"48.000" },
	"dec": { "decimal": -18.5500000, "d": "-18", "m":"33", "s":"00.000" }
},{
	"target": {"name": "M25", "alt":"" },
	"ra": { "decimal": 277.9458000, "h":"18", "m":"31", "s":"46.992" },
	"dec": { "decimal": -19.1167000, "d": "-19", "m":"07", "s":"00.120" }
},{
	"target": {"name": "M26", "alt":"" },
	"ra": { "decimal": 281.3250000, "h":"18", "m":"45", "s":"18.000" },
	"dec": { "decimal": -9.3833000, "d": "-09", "m":"22", "s":"59.880" }
},{
	"target": {"name": "M27", "alt":"" },
	"ra": { "decimal": 299.9015792, "h":"19", "m":"59", "s":"36.379" },
	"dec": { "decimal": 22.7210417, "d": "+22", "m":"43", "s":"15.750" }
},{
	"target": {"name": "M28", "alt":"" },
	"ra": { "decimal": 276.1370417, "h":"18", "m":"24", "s":"32.890" },
	"dec": { "decimal": -24.8698333, "d": "-24", "m":"52", "s":"11.400" }
},{
	"target": {"name": "M29", "alt":"" },
	"ra": { "decimal": 305.9833000, "h":"20", "m":"23", "s":"55.992" },
	"dec": { "decimal": 38.5233000, "d": "+38", "m":"31", "s":"23.880" }
},{
	"target": {"name": "M30", "alt":"" },
	"ra": { "decimal": 325.0921667, "h":"21", "m":"40", "s":"22.120" },
	"dec": { "decimal": -23.1798611, "d": "-23", "m":"10", "s":"47.500" }
},{
	"target": {"name": "M31", "alt":"" },
	"ra": { "decimal": 10.6847083, "h":"00", "m":"42", "s":"44.330" },
	"dec": { "decimal": 41.2687500, "d": "+41", "m":"16", "s":"07.500" }
},{
	"target": {"name": "M32", "alt":"" },
	"ra": { "decimal": 10.6742708, "h":"00", "m":"42", "s":"41.825" },
	"dec": { "decimal": 40.8651694, "d": "+40", "m":"51", "s":"54.610" }
},{
	"target": {"name": "M33", "alt":"" },
	"ra": { "decimal": 23.4621000, "h":"01", "m":"33", "s":"50.904" },
	"dec": { "decimal": 30.6599417, "d": "+30", "m":"39", "s":"35.790" }
},{
	"target": {"name": "M34", "alt":"" },
	"ra": { "decimal": 40.5208000, "h":"02", "m":"42", "s":"04.992" },
	"dec": { "decimal": 42.7617000, "d": "+42", "m":"45", "s":"42.120" }
},{
	"target": {"name": "M35", "alt":"" },
	"ra": { "decimal": 92.2250000, "h":"06", "m":"08", "s":"54.000" },
	"dec": { "decimal": 24.3333000, "d": "+24", "m":"19", "s":"59.880" }
},{
	"target": {"name": "M36", "alt":"" },
	"ra": { "decimal": 84.0750000, "h":"05", "m":"36", "s":"18.000" },
	"dec": { "decimal": 34.1400000, "d": "+34", "m":"08", "s":"24.000" }
},{
	"target": {"name": "M37", "alt":"" },
	"ra": { "decimal": 88.0750000, "h":"05", "m":"52", "s":"18.000" },
	"dec": { "decimal": 32.5533000, "d": "+32", "m":"33", "s":"11.880" }
},{
	"target": {"name": "M38", "alt":"" },
	"ra": { "decimal": 82.1792000, "h":"05", "m":"28", "s":"43.008" },
	"dec": { "decimal": 35.8550000, "d": "+35", "m":"51", "s":"18.000" }
},{
	"target": {"name": "M39", "alt":"" },
	"ra": { "decimal": 322.9500000, "h":"21", "m":"31", "s":"48.000" },
	"dec": { "decimal": 48.4333000, "d": "+48", "m":"25", "s":"59.880" }
},{
	"target": {"name": "M40", "alt":"" },
	"ra": { "decimal": 185.5522083, "h":"12", "m":"22", "s":"12.530" },
	"dec": { "decimal": 58.0829444, "d": "+58", "m":"04", "s":"58.600" }
},{
	"target": {"name": "M41", "alt":"" },
	"ra": { "decimal": 101.5042000, "h":"06", "m":"46", "s":"01.008" },
	"dec": { "decimal": -20.7567000, "d": "-20", "m":"45", "s":"24.120" }
},{
	"target": {"name": "M42", "alt":"" },
	"ra": { "decimal": 83.8220792, "h":"05", "m":"35", "s":"17.299" },
	"dec": { "decimal": -5.3911111, "d": "-05", "m":"23", "s":"28.000" }
},{
	"target": {"name": "M43", "alt":"" },
	"ra": { "decimal": 83.8792000, "h":"05", "m":"35", "s":"31.008" },
	"dec": { "decimal": -5.2700000, "d": "-05", "m":"16", "s":"12.000" }
},{
	"target": {"name": "M44", "alt":"" },
	"ra": { "decimal": 130.1000000, "h":"08", "m":"40", "s":"24.000" },
	"dec": { "decimal": 19.6667000, "d": "+19", "m":"40", "s":"00.120" }
},{
	"target": {"name": "M45", "alt":"" },
	"ra": { "decimal": 56.7500000, "h":"03", "m":"47", "s":"00.000" },
	"dec": { "decimal": 24.1167000, "d": "+24", "m":"07", "s":"00.120" }
},{
	"target": {"name": "M46", "alt":"" },
	"ra": { "decimal": 115.4417000, "h":"07", "m":"41", "s":"46.008" },
	"dec": { "decimal": -14.8100000, "d": "-14", "m":"48", "s":"36.000" }
},{
	"target": {"name": "M47", "alt":"" },
	"ra": { "decimal": 114.1458000, "h":"07", "m":"36", "s":"34.992" },
	"dec": { "decimal": -14.4833000, "d": "-14", "m":"28", "s":"59.880" }
},{
	"target": {"name": "M48", "alt":"" },
	"ra": { "decimal": 123.4292000, "h":"08", "m":"13", "s":"43.008" },
	"dec": { "decimal": -5.7500000, "d": "-05", "m":"45", "s":"00.000" }
},{
	"target": {"name": "M49", "alt":"" },
	"ra": { "decimal": 187.4449917, "h":"12", "m":"29", "s":"46.798" },
	"dec": { "decimal": 8.0004111, "d": "+08", "m":"00", "s":"01.480" }
},{
	"target": {"name": "M50", "alt":"" },
	"ra": { "decimal": 105.6979208, "h":"07", "m":"02", "s":"47.501" },
	"dec": { "decimal": -8.3377806, "d": "-08", "m":"20", "s":"16.010" }
},{
	"target": {"name": "M51", "alt":"" },
	"ra": { "decimal": 202.4695750, "h":"13", "m":"29", "s":"52.698" },
	"dec": { "decimal": 47.1952583, "d": "+47", "m":"11", "s":"42.930" }
},{
	"target": {"name": "M52", "alt":"" },
	"ra": { "decimal": 351.2000000, "h":"23", "m":"24", "s":"48.000" },
	"dec": { "decimal": 61.5933000, "d": "+61", "m":"35", "s":"35.880" }
},{
	"target": {"name": "M53", "alt":"" },
	"ra": { "decimal": 198.2302083, "h":"13", "m":"12", "s":"55.250" },
	"dec": { "decimal": 18.1681667, "d": "+18", "m":"10", "s":"05.400" }
},{
	"target": {"name": "M54", "alt":"" },
	"ra": { "decimal": 283.7638750, "h":"18", "m":"55", "s":"03.330" },
	"dec": { "decimal": -30.4798611, "d": "-30", "m":"28", "s":"47.500" }
},{
	"target": {"name": "M55", "alt":"" },
	"ra": { "decimal": 294.9987917, "h":"19", "m":"39", "s":"59.710" },
	"dec": { "decimal": -30.9647500, "d": "-30", "m":"57", "s":"53.100" }
},{
	"target": {"name": "M56", "alt":"" },
	"ra": { "decimal": 289.1482083, "h":"19", "m":"16", "s":"35.570" },
	"dec": { "decimal": 30.1834722, "d": "+30", "m":"11", "s":"00.500" }
},{
	"target": {"name": "M57", "alt":"" },
	"ra": { "decimal": 283.3961625, "h":"18", "m":"53", "s":"35.079" },
	"dec": { "decimal": 33.0291750, "d": "+33", "m":"01", "s":"45.030" }
},{
	"target": {"name": "M58", "alt":"" },
	"ra": { "decimal": 189.4316542, "h":"12", "m":"37", "s":"43.597" },
	"dec": { "decimal": 11.8180889, "d": "+11", "m":"49", "s":"05.120" }
},{
	"target": {"name": "M59", "alt":"" },
	"ra": { "decimal": 190.5096750, "h":"12", "m":"42", "s":"02.322" },
	"dec": { "decimal": 11.6469306, "d": "+11", "m":"38", "s":"48.950" }
},{
	"target": {"name": "M60", "alt":"" },
	"ra": { "decimal": 190.9167000, "h":"12", "m":"43", "s":"40.008" },
	"dec": { "decimal": 11.5526111, "d": "+11", "m":"33", "s":"09.400" }
},{
	"target": {"name": "M61", "alt":"" },
	"ra": { "decimal": 185.4789583, "h":"12", "m":"21", "s":"54.950" },
	"dec": { "decimal": 4.4735889, "d": "+04", "m":"28", "s":"24.920" }
},{
	"target": {"name": "M62", "alt":"" },
	"ra": { "decimal": 255.3025000, "h":"17", "m":"01", "s":"12.600" },
	"dec": { "decimal": -30.1123611, "d": "-30", "m":"06", "s":"44.500" }
},{
	"target": {"name": "M63", "alt":"" },
	"ra": { "decimal": 198.9555375, "h":"13", "m":"15", "s":"49.329" },
	"dec": { "decimal": 42.0292889, "d": "+42", "m":"01", "s":"45.440" }
},{
	"target": {"name": "M64", "alt":"" },
	"ra": { "decimal": 194.1820667, "h":"12", "m":"56", "s":"43.696" },
	"dec": { "decimal": 21.6826583, "d": "+21", "m":"40", "s":"57.570" }
},{
	"target": {"name": "M65", "alt":"" },
	"ra": { "decimal": 169.7331542, "h":"11", "m":"18", "s":"55.957" },
	"dec": { "decimal": 13.0922111, "d": "+13", "m":"05", "s":"31.960" }
},{
	"target": {"name": "M66", "alt":"" },
	"ra": { "decimal": 170.0626083, "h":"11", "m":"20", "s":"15.026" },
	"dec": { "decimal": 12.9912889, "d": "+12", "m":"59", "s":"28.640" }
},{
	"target": {"name": "M67", "alt":"" },
	"ra": { "decimal": 132.8250000, "h":"08", "m":"51", "s":"18.000" },
	"dec": { "decimal": 11.8000000, "d": "+11", "m":"48", "s":"00.000" }
},{
	"target": {"name": "M68", "alt":"" },
	"ra": { "decimal": 189.8665833, "h":"12", "m":"39", "s":"27.980" },
	"dec": { "decimal": -26.7440556, "d": "-26", "m":"44", "s":"38.600" }
},{
	"target": {"name": "M69", "alt":"" },
	"ra": { "decimal": 277.8462500, "h":"18", "m":"31", "s":"23.100" },
	"dec": { "decimal": -32.3480833, "d": "-32", "m":"20", "s":"53.100" }
},{
	"target": {"name": "M70", "alt":"" },
	"ra": { "decimal": 280.8031667, "h":"18", "m":"43", "s":"12.760" },
	"dec": { "decimal": -32.2921111, "d": "-32", "m":"17", "s":"31.600" }
},{
	"target": {"name": "M71", "alt":"" },
	"ra": { "decimal": 298.4437083, "h":"19", "m":"53", "s":"46.490" },
	"dec": { "decimal": 18.7791944, "d": "+18", "m":"46", "s":"45.100" }
},{
	"target": {"name": "M72", "alt":"" },
	"ra": { "decimal": 313.3654167, "h":"20", "m":"53", "s":"27.700" },
	"dec": { "decimal": -12.5373056, "d": "-12", "m":"32", "s":"14.300" }
},{
	"target": {"name": "M73", "alt":"" },
	"ra": { "decimal": 314.7500000, "h":"20", "m":"59", "s":"00.000" },
	"dec": { "decimal": -12.6330000, "d": "-12", "m":"37", "s":"58.800" }
},{
	"target": {"name": "M74", "alt":"" },
	"ra": { "decimal": 24.1740500, "h":"01", "m":"36", "s":"41.772" },
	"dec": { "decimal": 15.7834611, "d": "+15", "m":"47", "s":"00.460" }
},{
	"target": {"name": "M75", "alt":"" },
	"ra": { "decimal": 301.5201708, "h":"20", "m":"06", "s":"04.841" },
	"dec": { "decimal": -21.9222611, "d": "-21", "m":"55", "s":"20.140" }
},{
	"target": {"name": "M76", "alt":"" },
	"ra": { "decimal": 25.5820417, "h":"01", "m":"42", "s":"19.690" },
	"dec": { "decimal": 51.5754722, "d": "+51", "m":"34", "s":"31.700" }
},{
	"target": {"name": "M77", "alt":"" },
	"ra": { "decimal": 40.6698792, "h":"02", "m":"42", "s":"40.771" },
	"dec": { "decimal": -0.0132889, "d": "-00", "m":"00", "s":"47.840" }
},{
	"target": {"name": "M78", "alt":"" },
	"ra": { "decimal": 86.6908292, "h":"05", "m":"46", "s":"45.799" },
	"dec": { "decimal": 0.0791694, "d": "+00", "m":"04", "s":"45.010" }
},{
	"target": {"name": "M79", "alt":"" },
	"ra": { "decimal": 81.0441250, "h":"05", "m":"24", "s":"10.590" },
	"dec": { "decimal": -24.5242500, "d": "-24", "m":"31", "s":"27.300" }
},{
	"target": {"name": "M80", "alt":"" },
	"ra": { "decimal": 244.2600417, "h":"16", "m":"17", "s":"02.410" },
	"dec": { "decimal": -22.9760833, "d": "-22", "m":"58", "s":"33.900" }
},{
	"target": {"name": "M81", "alt":"" },
	"ra": { "decimal": 148.8882208, "h":"09", "m":"55", "s":"33.173" },
	"dec": { "decimal": 69.0652944, "d": "+69", "m":"03", "s":"55.060" }
},{
	"target": {"name": "M82", "alt":"" },
	"ra": { "decimal": 148.9684583, "h":"09", "m":"55", "s":"52.430" },
	"dec": { "decimal": 69.6797028, "d": "+69", "m":"40", "s":"46.930" }
},{
	"target": {"name": "M83", "alt":"" },
	"ra": { "decimal": 204.2538292, "h":"13", "m":"37", "s":"00.919" },
	"dec": { "decimal": -29.8657611, "d": "-29", "m":"51", "s":"56.740" }
},{
	"target": {"name": "M84", "alt":"" },
	"ra": { "decimal": 186.2655958, "h":"12", "m":"25", "s":"03.743" },
	"dec": { "decimal": 12.8869833, "d": "+12", "m":"53", "s":"13.140" }
},{
	"target": {"name": "M85", "alt":"" },
	"ra": { "decimal": 186.3502208, "h":"12", "m":"25", "s":"24.053" },
	"dec": { "decimal": 18.1910806, "d": "+18", "m":"11", "s":"27.890" }
},{
	"target": {"name": "M86", "alt":"" },
	"ra": { "decimal": 186.5492250, "h":"12", "m":"26", "s":"11.814" },
	"dec": { "decimal": 12.9459694, "d": "+12", "m":"56", "s":"45.490" }
},{
	"target": {"name": "M87", "alt":"" },
	"ra": { "decimal": 187.7059292, "h":"12", "m":"30", "s":"49.423" },
	"dec": { "decimal": 12.3911222, "d": "+12", "m":"23", "s":"28.040" }
},{
	"target": {"name": "M88", "alt":"" },
	"ra": { "decimal": 187.9967333, "h":"12", "m":"31", "s":"59.216" },
	"dec": { "decimal": 14.4204111, "d": "+14", "m":"25", "s":"13.480" }
},{
	"target": {"name": "M89", "alt":"" },
	"ra": { "decimal": 188.9159000, "h":"12", "m":"35", "s":"39.816" },
	"dec": { "decimal": 12.5563000, "d": "+12", "m":"33", "s":"22.680" }
},{
	"target": {"name": "M90", "alt":"" },
	"ra": { "decimal": 189.2075667, "h":"12", "m":"36", "s":"49.816" },
	"dec": { "decimal": 13.1628694, "d": "+13", "m":"09", "s":"46.330" }
},{
	"target": {"name": "M91", "alt":"" },
	"ra": { "decimal": 188.8601250, "h":"12", "m":"35", "s":"26.430" },
	"dec": { "decimal": 14.4963194, "d": "+14", "m":"29", "s":"46.750" }
},{
	"target": {"name": "M92", "alt":"" },
	"ra": { "decimal": 259.2807917, "h":"17", "m":"17", "s":"07.390" },
	"dec": { "decimal": 43.1359444, "d": "+43", "m":"08", "s":"09.400" }
},{
	"target": {"name": "M93", "alt":"" },
	"ra": { "decimal": 116.1250000, "h":"07", "m":"44", "s":"30.000" },
	"dec": { "decimal": -23.8567000, "d": "-23", "m":"51", "s":"24.120" }
},{
	"target": {"name": "M94", "alt":"" },
	"ra": { "decimal": 192.7214500, "h":"12", "m":"50", "s":"53.148" },
	"dec": { "decimal": 41.1201528, "d": "+41", "m":"07", "s":"12.550" }
},{
	"target": {"name": "M95", "alt":"" },
	"ra": { "decimal": 160.9905542, "h":"10", "m":"43", "s":"57.733" },
	"dec": { "decimal": 11.7036111, "d": "+11", "m":"42", "s":"13.000" }
},{
	"target": {"name": "M96", "alt":"" },
	"ra": { "decimal": 161.6906000, "h":"10", "m":"46", "s":"45.744" },
	"dec": { "decimal": 11.8199389, "d": "+11", "m":"49", "s":"11.780" }
},{
	"target": {"name": "M97", "alt":"" },
	"ra": { "decimal": 168.6987542, "h":"11", "m":"14", "s":"47.701" },
	"dec": { "decimal": 55.0190889, "d": "+55", "m":"01", "s":"08.720" }
},{
	"target": {"name": "M98", "alt":"" },
	"ra": { "decimal": 183.4512167, "h":"12", "m":"13", "s":"48.292" },
	"dec": { "decimal": 14.9004694, "d": "+14", "m":"54", "s":"01.690" }
},{
	"target": {"name": "M99", "alt":"" },
	"ra": { "decimal": 184.7067708, "h":"12", "m":"18", "s":"49.625" },
	"dec": { "decimal": 14.4164889, "d": "+14", "m":"24", "s":"59.360" }
},{
	"target": {"name": "M100", "alt":"" },
	"ra": { "decimal": 185.7287458, "h":"12", "m":"22", "s":"54.899" },
	"dec": { "decimal": 15.8223806, "d": "+15", "m":"49", "s":"20.570" }
},{
	"target": {"name": "M101", "alt":"" },
	"ra": { "decimal": 210.8024292, "h":"14", "m":"03", "s":"12.583" },
	"dec": { "decimal": 54.3487500, "d": "+54", "m":"20", "s":"55.500" }
},{
	"target": {"name": "M102", "alt":"" },
	"ra": { "decimal": 226.6231708, "h":"15", "m":"06", "s":"29.561" },
	"dec": { "decimal": 55.7633083, "d": "+55", "m":"45", "s":"47.910" }
},{
	"target": {"name": "M103", "alt":"" },
	"ra": { "decimal": 23.3458000, "h":"01", "m":"33", "s":"22.992" },
	"dec": { "decimal": 60.6500000, "d": "+60", "m":"39", "s":"00.000" }
},{
	"target": {"name": "M104", "alt":"" },
	"ra": { "decimal": 189.9976333, "h":"12", "m":"39", "s":"59.432" },
	"dec": { "decimal": -11.6230556, "d": "-11", "m":"37", "s":"23.000" }
},{
	"target": {"name": "M105", "alt":"" },
	"ra": { "decimal": 161.9566667, "h":"10", "m":"47", "s":"49.600" },
	"dec": { "decimal": 12.5816306, "d": "+12", "m":"34", "s":"53.870" }
},{
	"target": {"name": "M106", "alt":"" },
	"ra": { "decimal": 184.7400833, "h":"12", "m":"18", "s":"57.620" },
	"dec": { "decimal": 47.3037194, "d": "+47", "m":"18", "s":"13.390" }
},{
	"target": {"name": "M107", "alt":"" },
	"ra": { "decimal": 248.1327500, "h":"16", "m":"32", "s":"31.860" },
	"dec": { "decimal": -13.0537778, "d": "-13", "m":"03", "s":"13.600" }
},{
	"target": {"name": "M108", "alt":"" },
	"ra": { "decimal": 167.8790417, "h":"11", "m":"11", "s":"30.970" },
	"dec": { "decimal": 55.6741111, "d": "+55", "m":"40", "s":"26.800" }
},{
	"target": {"name": "M109", "alt":"" },
	"ra": { "decimal": 179.3999333, "h":"11", "m":"57", "s":"35.984" },
	"dec": { "decimal": 53.3745194, "d": "+53", "m":"22", "s":"28.270" }
},{
	"target": {"name": "M110", "alt":"" },
	"ra": { "decimal": 10.0919792, "h":"00", "m":"40", "s":"22.075" },
	"dec": { "decimal": 41.6853000, "d": "+41", "m":"41", "s":"07.080" }
}]